batch,mean_loss,std_loss,mean_accuracy,std_accuracy
0,1.058005690574646,0.23088286638285851,0.490625,0.08013050878098803
1,1.0074803829193115,0.2015916130818691,0.5078125,0.05384394043785243
2,0.942999255657196,0.15287653096037113,0.5125,0.040107549203725085
3,0.9114634752273559,0.10109291087031819,0.51328125,0.05060064035847273
4,0.8837842583656311,0.08640672970714366,0.5206249952316284,0.043447608590568725
5,0.8758593440055847,0.07216127295040335,0.5192708373069763,0.04177233381169922
6,0.8623647451400757,0.0603151454181772,0.5169642865657806,0.032369930026760016
7,0.8520452737808227,0.05894855313220539,0.518359375,0.02626208799058064
8,0.8445551753044128,0.06059538218535223,0.5222222328186035,0.018058903249575875
9,0.8390477418899536,0.06225842306898575,0.5221874952316284,0.015562377010965358
10,0.8322098255157471,0.061010601239717695,0.5238636374473572,0.017263045612067447
11,0.8256694555282593,0.058811336444918316,0.5263020753860473,0.011253796757443549
12,0.8177526116371154,0.05305432055124302,0.5288461446762085,0.014597304294840368
13,0.8104562997817993,0.04868409016615416,0.5303571462631226,0.0136096693059128
14,0.8076782941818237,0.04714729166206504,0.5287500023841858,0.00984361622820694
15,0.8053873777389526,0.04558775546799535,0.525390625,0.009366858443970155
16,0.8022849678993225,0.04722190668313463,0.5246323466300964,0.010824531654640635
17,0.7967948317527771,0.04220180263694198,0.5265625,0.010391309513875216
18,0.7935429096221924,0.040929767279472076,0.5258223533630371,0.008049132935687512
19,0.7892362833023071,0.04072073891214505,0.5275000095367431,0.007018224121108801
20,0.7861726641654968,0.03880758819698826,0.5279761910438537,0.004839173934169975
21,0.7835655927658081,0.03674520805017123,0.528125,0.004619225812586629
22,0.781530785560608,0.0347996518128199,0.527717387676239,0.003914371810487571
23,0.7798238635063172,0.033946789480294996,0.5276041746139526,0.004663012455745121
24,0.7761692523956298,0.03354103100836248,0.5293750047683716,0.004635117624816125
25,0.7733819961547852,0.031895895917083035,0.5308894157409668,0.00493008195453049
26,0.7726280093193054,0.03160119265564679,0.5298611044883728,0.006036293496869895
27,0.7723553657531739,0.03216125781785452,0.5287946462631226,0.005588719879722273
28,0.7706779360771179,0.03263045379628375,0.528125,0.00697732891948558
29,0.767698860168457,0.031243232417619875,0.5294791698455811,0.007552989529913417
30,0.7657524824142456,0.03052890567345904,0.5307459592819214,0.008867254596163535
31,0.7649174809455872,0.02924556867277601,0.5298828125,0.010644083276124004
32,0.7622840642929077,0.02917641100139469,0.5314393997192383,0.010800224993771784
33,0.76089848279953,0.0274637354485603,0.5318014740943908,0.010205929144502543
34,0.7609744548797608,0.02682042670387989,0.5310714364051818,0.011358062485380816
35,0.7601873874664307,0.026787797691400023,0.5300347208976746,0.011712329618184534
36,0.7590293407440185,0.02537807749277589,0.5298141956329345,0.011054992003111169
37,0.7577691793441772,0.024398192947248796,0.5307565808296204,0.011348237705680907
38,0.7558931231498718,0.02396069148416146,0.5314903855323792,0.011162731753745441
39,0.7546049356460571,0.023150449258214315,0.5315625071525574,0.01062398169351907
40,0.7539610147476197,0.02254342284983009,0.5307164669036866,0.011053806236217012
41,0.7532158136367798,0.021746856154056846,0.5308779835700989,0.010617357966880639
42,0.7516621470451355,0.021587744294116102,0.5315406918525696,0.011898420464281006
43,0.7510912895202637,0.021331601740294436,0.5318181872367859,0.01060774603438782
44,0.7498403429985047,0.021081503622183202,0.5324305653572082,0.010172492987698109
45,0.7491201400756836,0.020430160419601846,0.53254075050354,0.010994622937726795
46,0.7485677003860474,0.020061369606563437,0.5325132966041565,0.010344399156307358
47,0.7476292014122009,0.019805889963607038,0.5326171875,0.009712302910230834
48,0.7466610193252563,0.019592632201503417,0.5331632733345032,0.009695650692296436
49,0.7454059600830079,0.018863997000384755,0.534250009059906,0.009761813369784026
50,0.7447924494743348,0.018205916386005598,0.5333333492279053,0.010001546161995863
51,0.7439139723777771,0.017655417193648004,0.5332331895828247,0.00992633713606399
52,0.7434834003448486,0.017604200895699033,0.5325471758842468,0.009379922257666741
53,0.7425335288047791,0.017569064527218185,0.5331597328186035,0.008858604573985423
54,0.7421034932136535,0.017383468172281934,0.5325568079948425,0.00910775695901648
55,0.7416987776756286,0.016304810977428637,0.5327008962631226,0.009680333668708734
56,0.7404907464981079,0.016131272033946438,0.5337171077728271,0.008829555496862769
57,0.7401229262351989,0.015547779493665134,0.5330819010734558,0.009074713121633125
58,0.7394182801246643,0.01587542238927776,0.533845329284668,0.00839852388252495
59,0.7387225270271301,0.015510969119067165,0.5335937380790711,0.008452510920249378
60,0.7382117629051208,0.014767443751918855,0.5335553288459778,0.007605021912944793
61,0.7379186272621154,0.014328626960083758,0.5327116966247558,0.008201943396144065
62,0.7373765468597412,0.014264314404060298,0.5333333373069763,0.007172333549023346
63,0.7372705101966858,0.01477007643984514,0.532568359375,0.00669408484724677
64,0.736675477027893,0.014481850272023335,0.5324038386344909,0.006065601606556045
65,0.7361219167709351,0.01427835495756697,0.5323390126228332,0.005943599002917348
66,0.7357542991638184,0.013850822339231616,0.5328358054161072,0.005925992874203807
67,0.7349608540534973,0.013565460053832936,0.5332720637321472,0.00607807595639096
68,0.734061062335968,0.013254059115614444,0.5331974625587463,0.006177968434219432
69,0.7335326075553894,0.013385815241888527,0.5331249952316284,0.006320549681224537
70,0.7330202579498291,0.013273870469199199,0.5332306265830994,0.006421761221171171
71,0.7323521494865417,0.01300964184393652,0.5336805582046509,0.006694796038499262
72,0.7317669153213501,0.01300414762959466,0.5339041113853454,0.006015280139579872
73,0.7310597658157348,0.012635181329361206,0.534375011920929,0.005561273627205134
74,0.7305455327033996,0.01244871762990997,0.534500002861023,0.005856720313156957
75,0.7298299074172974,0.01230833773886768,0.5349506616592408,0.006676204577797186
76,0.7296521067619324,0.012491241845456448,0.5346185088157653,0.007417889631536603
77,0.7294169902801514,0.01245944163362766,0.5347756385803223,0.007938106921484155
78,0.729216206073761,0.012414492819010544,0.5344145655632019,0.007597370473522574
79,0.7288043975830079,0.012424152316081256,0.5350781083106995,0.006695844527605991
80,0.728513526916504,0.012476996075770717,0.535185182094574,0.007156348606703879
81,0.7280063629150391,0.012448973393980446,0.5353658437728882,0.0072076738347021585
82,0.7276714444160461,0.012361408090087298,0.5354668736457825,0.0068674838462474625
83,0.7272060513496399,0.012099853344308027,0.5358258962631226,0.007282563962133967
84,0.7266739010810852,0.012250516666686794,0.5361764669418335,0.006763367324028737
85,0.7265816450119018,0.01202052735708557,0.5357921600341797,0.006605991049755506
86,0.7264289498329163,0.01180244288654864,0.5354525804519653,0.0066385759769401875
87,0.7259091377258301,0.01159621536623202,0.5356889128684997,0.006488731166673201
88,0.7254833698272705,0.011171648370040246,0.5358848333358764,0.0063743513966693505
89,0.7254810571670532,0.011044117177857422,0.5358333349227905,0.006302351297144134
90,0.7253475666046143,0.010798295148440771,0.5357486248016358,0.006161495414780587
91,0.7249236464500427,0.010474743405607338,0.536039388179779,0.006421773169692427
92,0.7244863629341125,0.010156160206457448,0.5362231135368347,0.006794170320365776
93,0.7242878437042236,0.01016770042505046,0.5360704898834229,0.006928734144466274
94,0.7239314436912536,0.01036310762467478,0.5362828969955444,0.007061470751116421
95,0.7237724900245667,0.010084071782497867,0.5361002564430237,0.0073723474017410775
96,0.7235133051872253,0.009901358765565539,0.5359213829040528,0.006994569547146128
97,0.7231036901474,0.009475509244881119,0.536352026462555,0.006863282142425567
98,0.72278333902359,0.009161983053586564,0.5365214586257935,0.006888249718506223
99,0.722496485710144,0.009167033818272058,0.5366875052452087,0.007500329862264564
100,0.7026240348815918,0.0015457508886999587,0.4930338323116302,0.006865838859887882
101,0.7025632500648499,0.0014953864490337332,0.4932823896408081,0.006783032203251704
102,0.7025226473808288,0.001483491302454612,0.49354556798934934,0.006732124995569778
103,0.7024926781654358,0.0015217595517497717,0.49376782178878786,0.0067866069616037425
104,0.7025178432464599,0.001560420854943387,0.49382306933403014,0.006748852896338305
105,0.7025270819664001,0.001458944882466406,0.49392530918121336,0.006493557862713307
106,0.7025365710258484,0.0014127799030872303,0.49394058585166933,0.006579995051108411
107,0.7024593710899353,0.0014074220002737517,0.49413609504699707,0.0065681114359382705
108,0.7024316668510437,0.0013199560442323651,0.4943540871143341,0.006478943810332925
109,0.7024045586585999,0.0013413597844141175,0.49457879066467286,0.006560740714262533
110,0.7023749589920044,0.0013774710605837116,0.494701212644577,0.0066106401910433895
111,0.7023268342018127,0.0013607740689410067,0.49487737417221067,0.006601611446628877
112,0.7023223638534546,0.0014030563276991464,0.49486683011054994,0.006602731249659564
113,0.7022748231887818,0.001392697548109567,0.49507259726524355,0.00665617330408434
114,0.7022409558296203,0.0014082974187456963,0.4951849043369293,0.006527822461732232
115,0.7022387266159058,0.0013727110235154823,0.4952889621257782,0.006490911037553426
116,0.7021607637405396,0.0014173966013290335,0.4955151855945587,0.0065376219458187345
117,0.7021393179893494,0.00143791757092328,0.49567910432815554,0.006541262591278665
118,0.7020547986030579,0.0014729848469308064,0.4960253298282623,0.006539245651904407
119,0.7020386695861817,0.0014199253300787309,0.49614156484603883,0.00651223026802592
120,0.7020081400871276,0.0014013771517470722,0.49627240300178527,0.006436114400336358
121,0.7019452929496766,0.0014184630626208196,0.4963798761367798,0.006423530290651369
122,0.7019384741783142,0.0014673495878084956,0.4964944064617157,0.006443538016687749
123,0.7018753290176392,0.0015191419133621224,0.4967591166496277,0.006479073273044668
124,0.7018641591072082,0.0014507579249993367,0.4968646585941315,0.0065217527934027355
125,0.7018337607383728,0.001491160282390694,0.4969996988773346,0.006589948348243046
126,0.7017990946769714,0.0015044728742695543,0.49711164832115173,0.0065993755297854674
127,0.7017709851264954,0.0014819676141569755,0.4972379803657532,0.006604340798772821
128,0.7017459154129029,0.0014761494679709907,0.49732648134231566,0.006559102665023441
129,0.7017021536827087,0.0014740791274633325,0.4975260078907013,0.006617545207449901
130,0.7016871809959412,0.0014351427320034213,0.49758375287055967,0.006361397260311872
131,0.7016805648803711,0.00154029475940024,0.4976264536380768,0.006467896613011376
132,0.701697313785553,0.0015159812933295206,0.49760991930961607,0.006390074746379897
133,0.7016327500343322,0.0014720549233531682,0.4979099273681641,0.006272947845168504
134,0.7016679525375367,0.0014589276628628395,0.4979368567466736,0.0063435449224154535
135,0.701663863658905,0.001428181227639985,0.4979490160942078,0.006285318725528944
136,0.7016447424888611,0.001468395076227276,0.49804880619049074,0.006340038795326714
137,0.7016812920570373,0.0014485920292792117,0.49806066155433654,0.006393732456315195
138,0.7016910433769226,0.0014393047140988792,0.4980869948863983,0.006379543658079895
139,0.7016344666481018,0.0014500466101999459,0.4981712520122528,0.006527699981938018
140,0.7016382098197937,0.001426082695930109,0.4981972277164459,0.006622863123469672
141,0.7016153454780578,0.0014056792250478436,0.49830251932144165,0.006680966537501791
142,0.7015798568725586,0.0014148671843604353,0.498486590385437,0.006713291770476259
143,0.7015798330307007,0.0013764616272651405,0.49849008321762084,0.006645412961146052
144,0.7015833139419556,0.0013823484944716711,0.4985365867614746,0.00662856877325938
145,0.7015514135360718,0.00140016124832071,0.4986687660217285,0.006681869432608393
146,0.7015217065811157,0.0013903396703821784,0.4987932026386261,0.0067148512594762426
147,0.701498544216156,0.0013405773567908826,0.49890282154083254,0.006571167021251986
148,0.701459002494812,0.0013244051491907566,0.49905459880828856,0.006492106660118407
149,0.7014062762260437,0.0013080223193596596,0.4992198646068573,0.006450535211053065
150,0.7013636946678161,0.001335665709472848,0.4994622230529785,0.006588298379687903
151,0.7013563990592957,0.0013538784305942367,0.49957639575004575,0.0066537083843997095
152,0.701305377483368,0.001300469071792017,0.49978163838386536,0.0066140172870106225
153,0.7012839198112488,0.0012628543332580166,0.4999367415904999,0.0065624549657739995
154,0.7012498259544373,0.0012720762574419315,0.5000631153583527,0.00657886943664235
155,0.7012558698654174,0.0012768141442224127,0.5001049518585206,0.006530088601868786
156,0.7012235164642334,0.001261411372723962,0.5001954734325409,0.0065467842059825304
157,0.7011660099029541,0.0012592610335369736,0.5004040181636811,0.006580764784159407
158,0.7011380910873413,0.0012365309278161245,0.5005282104015351,0.006478103056868265
159,0.7011394500732422,0.0012367215184168362,0.5005825221538543,0.006460066337224787
160,0.7011169791221619,0.0012376430318052165,0.5007196128368377,0.006549516512395083
161,0.7010953783988952,0.0011858512439393077,0.5008492231369018,0.006459454679451217
162,0.701099979877472,0.0011751263594197612,0.5009782254695893,0.006444691134739423
163,0.7010904669761657,0.0011830215661241495,0.501092928647995,0.006444959672706206
164,0.701069962978363,0.0011826000088624776,0.5012619972229004,0.006394406644640897
165,0.7010402679443359,0.0011776677509200359,0.5013482093811035,0.006415513745919043
166,0.7010348916053772,0.0011769856263456474,0.5013862371444702,0.006376776157981873
167,0.7010077118873597,0.001136311041369527,0.5015263020992279,0.006338261225908145
168,0.7010415196418762,0.0011380108902964332,0.5015297710895539,0.006302764992362452
169,0.7010076880455017,0.001138109794099405,0.5016892850399017,0.006269913133656772
170,0.7010107636451721,0.0011534626669032863,0.5017262279987336,0.006265360246133304
171,0.7010160565376282,0.0011691670834456868,0.5018238246440887,0.006199604792686284
172,0.7009636163711548,0.0011265143585729455,0.5020018815994263,0.006124769904347537
173,0.7009396314620971,0.0011236364354131972,0.5021657288074494,0.00610222929450058
174,0.7009116053581238,0.0011200262897951081,0.5022818803787231,0.006000535785316712
175,0.7008827209472657,0.0011309041810684934,0.5024846017360687,0.006030085516620673
176,0.70087229013443,0.0011210866403841356,0.5025594830513,0.005913947354530431
177,0.7008646845817565,0.0011218890887690503,0.5026207029819488,0.0060070909761345
178,0.7008179068565369,0.001106247967820306,0.5027348816394805,0.0059485339223066145
179,0.700802230834961,0.0011204323785647848,0.5028087675571442,0.00596125662902693
180,0.7007635712623597,0.0011557946899635812,0.5029220819473267,0.006015171566613424
181,0.7007100224494934,0.0011311408905859504,0.5030216872692108,0.005951933909475641
182,0.7006994724273682,0.0011315583224199566,0.5030746817588806,0.006047996706164089
183,0.7006560325622558,0.001164682155018756,0.503206479549408,0.006079236963360708
184,0.7006361007690429,0.0011768367392022343,0.503285151720047,0.006161205012557534
185,0.7006019353866577,0.0011544771832024256,0.50335693359375,0.006171597797135098
186,0.7005524158477783,0.0011267033621794888,0.5035527348518372,0.006188498468017442
187,0.7005444765090942,0.0010929552586973694,0.5035779654979706,0.00612610253702055
188,0.700541877746582,0.001082282762780313,0.5036486744880676,0.0061105546784022795
189,0.7005202531814575,0.0010694478064231646,0.5037711322307586,0.006035980783313333
190,0.7005347013473511,0.0010469943863155716,0.5037892520427704,0.0059751234068044345
191,0.7005032062530517,0.0010553388245475108,0.5039173722267151,0.006010214095367142
192,0.7004783749580383,0.0010227822482602273,0.5040126621723175,0.005912409607493849
193,0.7004509925842285,0.0010508156087181803,0.5041397929191589,0.005959068062851173
194,0.700435733795166,0.0010423612677658844,0.5042084932327271,0.005951583671907206
195,0.7004332184791565,0.0010481909527927894,0.5042833268642426,0.005993837626395059
196,0.7004135370254516,0.001032427673608167,0.5044347703456878,0.006031187376426901
197,0.7004037737846375,0.0009810470437865819,0.5044704556465149,0.005865851106788783
198,0.7003767728805542,0.0010031856669265743,0.5045506834983826,0.005874466981892429
199,0.7003402829170227,0.0009839220116851389,0.504681533575058,0.00587375014907548
200,0.7017725586891175,0.0035292963234273096,0.4939913809299469,0.012556316704944191
201,0.7017484188079834,0.003541102965116295,0.49419771432876586,0.012634749805280041
202,0.7017547726631165,0.003592724885376375,0.49429978132247926,0.012631095456596641
203,0.70171217918396,0.003588453450107882,0.494472599029541,0.012621118321485944
204,0.7016645669937134,0.0036016105404559104,0.49469984173774717,0.012576105047747178
205,0.701616907119751,0.0035891930231837753,0.4949180603027344,0.012547328323956667
206,0.7015606522560119,0.0036008711685737117,0.49508015513420106,0.012574492702843061
207,0.7015132784843445,0.0036328610517248794,0.49528064727783205,0.012497107122406547
208,0.7014492392539978,0.003614868837021177,0.49559744596481325,0.012483010499910047
209,0.7013889908790588,0.003635107717783396,0.49586583971977233,0.01253871460431102
210,0.7013376832008362,0.0036186101230332927,0.49599285125732423,0.012463549269681991
211,0.7012441992759705,0.003615193253994631,0.4962666749954224,0.012362444752028382
212,0.7012278199195862,0.003626682101648868,0.4963843286037445,0.012396619105601836
213,0.7012406468391419,0.003584649721066524,0.4964782178401947,0.012310914939105588
214,0.7012152552604676,0.0035486556536460647,0.49665639400482176,0.012326101064080249
215,0.7011331915855408,0.003518275435783038,0.49689517021179197,0.012206797727769366
216,0.7011200070381165,0.0035387728687061443,0.4970254421234131,0.012184578994726173
217,0.7010766744613648,0.0035639990948371537,0.49723156094551085,0.012290955749906844
218,0.7010388255119324,0.003526856670040374,0.49735274314880373,0.012301410420082223
219,0.7009996891021728,0.0035255594834172122,0.4974657416343689,0.012213521211682506
220,0.7009668350219727,0.0035379488498533183,0.49763893485069277,0.012196764647699964
221,0.7009909987449646,0.003541887691083722,0.4976446568965912,0.01216588249071793
222,0.7009666562080383,0.003521079002976746,0.4977410137653351,0.012182073734627846
223,0.7009607434272767,0.0034469567068377387,0.4977992355823517,0.012008364859074633
224,0.7009381294250489,0.003406351364335074,0.49793986082077024,0.011974453419011693
225,0.7008872509002686,0.0033882125907512624,0.4981173098087311,0.011897304030445652
226,0.700891637802124,0.0033588531174069585,0.4982789695262909,0.011788657460843998
227,0.7008818507194519,0.0032967745070823003,0.4984323799610138,0.01178225302602042
228,0.7008762955665588,0.0032951574558387252,0.49851056933403015,0.011728008578166978
229,0.700784707069397,0.0032822575103630407,0.4987815797328949,0.011758962778442917
230,0.7007597327232361,0.0033131738039676954,0.49885858297348024,0.011838380964344744
231,0.7007187247276306,0.0032954013983825733,0.4990609347820282,0.011833899524254265
232,0.7007192134857178,0.0032652531026472116,0.49911478757858274,0.011769507590472055
233,0.7006823301315308,0.0032165774099436706,0.49931557178497316,0.01161020630142287
234,0.7006472826004029,0.0031892362679139,0.49953009486198424,0.011580420929933763
235,0.7006427645683289,0.0032241395745885057,0.49961177706718446,0.01157596133996105
236,0.7006022095680237,0.0032113037163508775,0.4997076869010925,0.011524190276317835
237,0.7005690813064576,0.003197646696816754,0.4997666895389557,0.011420694726690635
238,0.700494647026062,0.0032249299038386156,0.5000000059604645,0.011585609035286519
239,0.7004662394523621,0.0031787219660296,0.500116103887558,0.0113595165893104
240,0.7004043817520141,0.003154867302366912,0.5002389192581177,0.011162453373494129
241,0.700360107421875,0.003118696192752486,0.5003900587558746,0.011141213302929161
242,0.7003177046775818,0.0031301554199661273,0.500598156452179,0.011157769350137238
243,0.7002917408943177,0.0031197580601595738,0.5007262051105499,0.011125229918634457
244,0.7002503037452698,0.003077144602282712,0.5008249521255493,0.011091451389282506
245,0.7001693964004516,0.003094512518338412,0.5010735630989075,0.011102355636865693
246,0.7000878572463989,0.0031145286283244963,0.5012996315956115,0.01099024662621051
247,0.7000186920166016,0.0031132400429273927,0.5015104174613952,0.010981526401715154
248,0.6999767303466797,0.0031128329849471354,0.50166335105896,0.010888091136499922
249,0.6999622821807862,0.0030811177469160706,0.5017659604549408,0.010920852576555543
250,0.6999602675437927,0.0030573150736545496,0.5017902791500092,0.010770900334841717
251,0.6999628067016601,0.0030271492691650026,0.5018921136856079,0.010669089140023324
252,0.6999661684036255,0.003024803926446012,0.5019653379917145,0.010835869010154785
253,0.6999021887779235,0.003058463580977176,0.50213662981987,0.010764731374938469
254,0.699880039691925,0.003065542559857315,0.5022720992565155,0.01080625551416313
255,0.6998650789260864,0.003100092095348275,0.5023929417133332,0.010719530807936677
256,0.6998392343521118,0.0030982469861063782,0.5025132596492767,0.01068656284827333
257,0.6998026490211486,0.0030826198962930814,0.5026678621768952,0.010696889996553008
258,0.6997617959976197,0.0030875315535403357,0.5028078973293304,0.010793325105127888
259,0.6997439861297607,0.0030996590441136015,0.5029750406742096,0.010776812963048357
260,0.6997147798538208,0.003065011694612995,0.5030445635318757,0.010834278502570002
261,0.6996803998947143,0.0030358070273137725,0.5032242476940155,0.010744184496786208
262,0.6996782302856446,0.003033142137525877,0.5033135771751404,0.010786584205747967
263,0.6996728420257569,0.003009164902490391,0.5033956706523895,0.010751903647496178
264,0.6996320366859436,0.0030208587088678624,0.5035802364349365,0.01089516886572586
265,0.6995850920677185,0.0030164358420358126,0.5037640333175659,0.010869968561591904
266,0.6995711922645569,0.0029849594450148255,0.5038514018058777,0.010825230310687365
267,0.6995424628257751,0.002985398396350451,0.5039792776107788,0.010900274932114732
268,0.6995170950889588,0.00297527174842117,0.504106605052948,0.010880933787235059
269,0.6994810819625854,0.0029863400186794556,0.5042265892028809,0.010874137911494712
270,0.6994541168212891,0.0029773566998607475,0.5043799221515656,0.010853880749347015
271,0.699415385723114,0.002953420271468781,0.5045393168926239,0.01084417359168186
272,0.6994118213653564,0.002936498002818927,0.5046373665332794,0.010697887644018023
273,0.6993704199790954,0.002933208544250422,0.504782086610794,0.010732312620681042
274,0.6993157267570496,0.002949515257530625,0.5049865782260895,0.01071911776857993
275,0.6992868661880494,0.002924114004297916,0.5050830483436585,0.01066696038077429
276,0.6992910623550415,0.0029704509699838766,0.5050989031791687,0.01071907512140181
277,0.6992746829986572,0.002965460794992611,0.5051880657672883,0.010736058438848728
278,0.6992124557495117,0.0029645600540371504,0.5053500235080719,0.010743631036218141
279,0.6991564631462097,0.002934196364642071,0.5055644035339355,0.010692875194435982
280,0.6991379141807557,0.0029133931447487115,0.5056387543678283,0.010725281189592756
281,0.6991004586219788,0.002930832223051016,0.505798727273941,0.010768532649933148
282,0.6990557074546814,0.002887560158356731,0.5060108244419098,0.010768464405192362
283,0.6990541577339172,0.0029112052963326937,0.5060376584529876,0.010692504660431939
284,0.6990289688110352,0.002916900071908143,0.5061695277690887,0.010648446237853236
285,0.6989863514900208,0.002932611188325614,0.506333589553833,0.010736008860729212
286,0.6989573478698731,0.002912216027898726,0.5063726723194122,0.010673384340766586
287,0.6989449381828308,0.0029379236563726917,0.506418126821518,0.010740909902904968
288,0.6989045739173889,0.00291771166039456,0.5065936982631684,0.010738930144973423
289,0.698880934715271,0.002884674205929245,0.506671005487442,0.010684467695487422
290,0.6988630414009094,0.002879863658530289,0.5067804276943206,0.010602680779690198
291,0.6988642573356628,0.0028967696337708687,0.5068311393260956,0.010481742250784394
292,0.6988173604011536,0.002877258796015241,0.5069914698600769,0.010366289380397981
293,0.6987791776657104,0.002874027353828783,0.5071253657341004,0.010351187264521191
294,0.6987686514854431,0.002818759560194412,0.5072200715541839,0.010222097123749382
295,0.6987280011177063,0.002827323494685126,0.5073272466659546,0.010216668567162256
296,0.6987684607505799,0.002810989270020133,0.5072609663009644,0.010197369134279877
297,0.6987377047538758,0.002822514204283704,0.5073548257350922,0.010129655904565073
298,0.6986939907073975,0.00284181953010793,0.5075312793254853,0.010074670943330004
299,0.698676061630249,0.0028447079736948337,0.507579630613327,0.01007450409731816
300,0.7009548664093017,0.002294545887683413,0.4987152934074402,0.0029852136963879916
301,0.7008991956710815,0.0022621070783002224,0.4989891707897186,0.003039865508570023
302,0.7008405327796936,0.002288985871012761,0.4991584777832031,0.0029507492973878877
303,0.7007596254348755,0.002284129253673367,0.4994377553462982,0.002897496978571514
304,0.7007259607315064,0.002276822781946262,0.49952608346939087,0.0027855663440069477
305,0.70068918466568,0.002254419003099094,0.49974786639213564,0.002837879911686014
306,0.700669801235199,0.002265539010290064,0.49986639618873596,0.0027903589729168865
307,0.7006254553794861,0.0022252138125713095,0.5000313520431519,0.0027925556884020397
308,0.7005965113639832,0.0022624286187692263,0.5001172900199891,0.002744887393369478
309,0.7005869269371032,0.002268798919181822,0.5001638054847717,0.002809253261395057
310,0.7005670189857482,0.002214752662454153,0.500303453207016,0.002904235404445287
311,0.7005327701568603,0.0022312640219820427,0.500450176000595,0.0028781487086129154
312,0.7005585432052612,0.002190654822318114,0.5005651950836182,0.0029379631382058543
313,0.7005585789680481,0.0021562983257062693,0.500633305311203,0.0029535084240079994
314,0.7004989862442017,0.002137049106336046,0.5008705735206604,0.0029691798463570007
315,0.7004470467567444,0.0021405810346426858,0.5010759234428406,0.002922146870043524
316,0.7003905415534973,0.0020968292162317666,0.5012649357318878,0.0029874114810835234
317,0.7003600716590881,0.0020777468326697427,0.501430094242096,0.0030447419643772062
318,0.700318205356598,0.002045376224022652,0.5016249537467956,0.0030059954828992462
319,0.7002927780151367,0.0019678611572001474,0.5017427742481232,0.0030828221669670767
320,0.7002856373786926,0.001984773524125757,0.5018068552017212,0.003075120842944638
321,0.7002528071403503,0.0019571684209898276,0.5019993960857392,0.0031713038936552504
322,0.7002400398254395,0.0019126026822935303,0.5020247817039489,0.0031844540196708324
323,0.700178062915802,0.0018709880746857494,0.5022007822990417,0.003172528655310402
324,0.700171685218811,0.001846996169792217,0.5023308217525482,0.003208497466888547
325,0.7001193284988403,0.0018531132068323373,0.5024827480316162,0.003153813967247748
326,0.7000901103019714,0.0018748093389019717,0.5025366604328155,0.0030550721845240074
327,0.7000748991966248,0.0018465675886238694,0.5026500463485718,0.0030872353631783258
328,0.7000372052192688,0.0018550185339303252,0.5027926623821258,0.0031122331566217575
329,0.6999812483787536,0.001844606815870464,0.5029271960258483,0.003169103846008192
330,0.6999590516090393,0.0018480291393619557,0.5030907273292542,0.0029333603707275284
331,0.6999694228172302,0.0018355908356323415,0.50309818983078,0.002994148638437131
332,0.6999211072921753,0.001858172655964722,0.503253185749054,0.0030277968545993237
333,0.6998985648155213,0.0018660631674485004,0.5033264696598053,0.0030340069725626395
334,0.6998724818229676,0.0018903460904012034,0.5034581422805786,0.002934026887031262
335,0.699813973903656,0.001878815819403486,0.5035818815231323,0.0027891787239752402
336,0.6998049736022949,0.0018790779637632045,0.5036685168743134,0.002766920244976886
337,0.6997527837753296,0.001907223980339599,0.503769314289093,0.0026275263687881856
338,0.6997586131095886,0.0019279108953758708,0.5038114547729492,0.0025405442604723343
339,0.6997218489646911,0.0018539933628452564,0.5039404809474946,0.002565776087197296
340,0.6996824860572814,0.001816862198379595,0.5040978848934173,0.0026163995476361666
341,0.6996648669242859,0.0018676057361852742,0.5041895389556885,0.002456462118559016
342,0.69962158203125,0.0018421838595916414,0.5042879939079284,0.0025322269851544275
343,0.6995940327644348,0.001834675367720756,0.5044506669044495,0.00250333746683434
344,0.6995452761650085,0.0017886209427468353,0.5046126365661621,0.002549875652434516
345,0.6994860887527465,0.001752142173028537,0.5047666788101196,0.002695995937619503
346,0.6994178533554077,0.001745479695312676,0.5049557209014892,0.0026485400108163686
347,0.6993771076202393,0.0017840970305767903,0.505136775970459,0.002556829613216949
348,0.699375331401825,0.0018057463589179513,0.5051464200019836,0.002454473981238549
349,0.6993386387825012,0.0018063281630894476,0.5052340507507325,0.0024796745475215163
350,0.6992899298667907,0.0018073577392437108,0.5054061770439148,0.002479348198058066
351,0.6992871761322021,0.0017599319487157689,0.5055634021759033,0.002531537949462631
352,0.6992823839187622,0.0017759617990740313,0.505635392665863,0.0024868916530675586
353,0.6992145895957946,0.0018013970846818004,0.5058054447174072,0.0024305691845944656
354,0.6992040634155273,0.001821083944878564,0.5058905959129334,0.0024203832807290077
355,0.699181056022644,0.0018080988646514775,0.5060033440589905,0.002409705121515373
356,0.6991450428962708,0.0017632620313606498,0.5061086297035218,0.002465790161784676
357,0.6991031527519226,0.001739421240509858,0.5062970042228698,0.0024346970604556093
358,0.6990486145019531,0.0017635014587167725,0.5065123677253723,0.002270108719674974
359,0.6990392327308654,0.001725570752650909,0.5066088795661926,0.002345647416554076
360,0.6990334272384644,0.0016760378256073796,0.5067326307296753,0.002408897337350043
361,0.6990230202674865,0.001654888176561032,0.5067591786384582,0.002426702838813209
362,0.6989867568016053,0.0015786802743506842,0.5068889617919922,0.002663299664932943
363,0.6989504098892212,0.0015788765716650225,0.5070387721061707,0.0026800382456001574
364,0.6989438652992248,0.0015750640136338707,0.5071673512458801,0.0026847760226412225
365,0.6988966584205627,0.0015634346586548176,0.5073501229286194,0.0026687561619075503
366,0.6988602638244629,0.0015946720526768638,0.5074433207511901,0.002646078104946012
367,0.6988003730773926,0.0015941273284681165,0.5075633525848389,0.00268120895226119
368,0.698811137676239,0.0015492859758892163,0.5076352953910828,0.0027320780161452637
369,0.6987743973731995,0.0015588363547971,0.5078019022941589,0.0027065053356147774
370,0.6987138867378235,0.001563721297340136,0.5079271674156189,0.0027553696386664436
371,0.6986834168434143,0.0015209764893133557,0.5080248594284058,0.0028254571404755504
372,0.6986591577529907,0.0015839620984773601,0.5081356287002563,0.0027596035257541943
373,0.6986809015274048,0.0015566123967658755,0.5081382751464844,0.0028086960030406674
374,0.6986676454544067,0.0015477442396099569,0.5081543564796448,0.002742352734119362
375,0.6986234545707702,0.0015711620989591892,0.5082775115966797,0.00268721003172343
376,0.6986033082008362,0.0015592093527035636,0.5083199620246888,0.0027171976854694084
377,0.6985498785972595,0.0015670098522445684,0.5084489107131958,0.0027024388604747476
378,0.698484742641449,0.0015947720572765257,0.5086305618286133,0.0026750362749361554
379,0.6984439015388488,0.0015746409783379141,0.5088247060775757,0.0027108095838412195
380,0.6984003901481628,0.0015800632840753017,0.5089981317520141,0.002650361420633827
381,0.6983778595924377,0.0015670002421510076,0.5090716719627381,0.0026746614803870145
382,0.6983818769454956,0.0015331363432374138,0.5090591073036194,0.0028337633208111107
383,0.6983918190002442,0.0015436120959754925,0.5090861201286316,0.002827072813388047
384,0.6983453035354614,0.0015537959829319047,0.5091918468475342,0.0027742019789000804
385,0.6983038783073425,0.001550364421407102,0.5093561410903931,0.002793123674056742
386,0.6982794165611267,0.001552534200029819,0.5094870328903198,0.002769993152807228
387,0.698211133480072,0.0015669392302002565,0.5096435189247132,0.0027009784184146603
388,0.6981446623802186,0.001534994626019246,0.5099035620689392,0.0027237849479374012
389,0.6981263756752014,0.0015153924426360508,0.5100000023841857,0.0027281623704091163
390,0.7276847839355469,0.026158328999231952,0.459375,0.03762998305872592
391,0.7284453272819519,0.02354753665217205,0.48125,0.04192627457812106
392,0.7218976497650147,0.016661034780626416,0.4958333373069763,0.024262116408375594
393,0.7206228256225586,0.009766159555741716,0.4953125,0.015963138079455125
394,0.7229795098304749,0.007532849677893814,0.48687499165534975,0.023006442900343878
395,0.7234984278678894,0.0073976364879117205,0.4838541686534882,0.026582915578834732
396,0.7210839867591858,0.0074504717859905645,0.4888392806053162,0.023780430698516937
397,0.7212766170501709,0.008494159064318363,0.487109375,0.019511708974597156
398,0.7198977947235108,0.008482956194746349,0.4861111044883728,0.020869460780146086
399,0.7197536826133728,0.006646576820277193,0.4865624964237213,0.013468353148366367
400,0.6989700078964234,0.003640323942453739,0.49555538296699525,0.00970223226054515
401,0.6990232944488526,0.003615145511494307,0.49544731378555296,0.009766657252339566
402,0.6990416526794434,0.0035952103084784053,0.4953794896602631,0.009739015772618837
403,0.6991050958633422,0.0035765919760232996,0.49522489309310913,0.009684034300712279
404,0.6991318464279175,0.0035686470866335878,0.4951579809188843,0.009552299814223284
405,0.699159836769104,0.003545452081600766,0.4951386690139771,0.009488514423962376
406,0.6991670489311218,0.0035533896792365187,0.49522162675857545,0.009479572521864895
407,0.6991827011108398,0.003532616493068612,0.49510818123817446,0.009361180462387318
408,0.6991962313652038,0.0035172352341540604,0.4951282501220703,0.00934214226199294
409,0.6991795539855957,0.0035308885916893133,0.4951092004776001,0.009368117040541536
410,0.6991968512535095,0.0035261790592501494,0.4950980365276337,0.009419376427843731
411,0.6991963624954224,0.003507993650582011,0.49506363868713377,0.009370562823473459
412,0.699175500869751,0.003501733375032249,0.4951765239238739,0.009360403882830416
413,0.6991529345512391,0.0034983189394044286,0.4953583598136902,0.009325556089565312
414,0.6991520524024963,0.0034842314584358123,0.4954160213470459,0.00926418335445293
415,0.6991487860679626,0.0034761993895675936,0.4954273045063019,0.009180292495002856
416,0.6991624474525452,0.0034714317288917487,0.49538485407829286,0.009109698278801866
417,0.6991510987281799,0.003479145426619009,0.4953884959220886,0.009106695043165615
418,0.6991431593894959,0.003472126657789485,0.4954226493835449,0.009118724070572017
419,0.6991671204566956,0.003458928896144283,0.49532724618911744,0.00918890507245179
420,0.699169397354126,0.003446914672977604,0.4953613758087158,0.009092287778466138
421,0.6991571187973022,0.0034340933221453855,0.49538776874542234,0.00907787606513179
422,0.6991590261459351,0.003415086841278455,0.49535357356071474,0.009091602544384389
423,0.6991355538368225,0.0034132310042991063,0.4955607414245605,0.009070670135497321
424,0.6991245150566101,0.003420169536021972,0.4955488681793213,0.00893162807436741
425,0.6991314888000488,0.0034038953111474334,0.4955220580101013,0.008971851981472927
426,0.6991262793540954,0.0033978915491792976,0.4954429864883423,0.009028372499104717
427,0.6991122007369995,0.0033719869955935234,0.49551358819007874,0.0088702055206701
428,0.6991087198257446,0.003356127025213296,0.4955615162849426,0.008825249904927198
429,0.699111533164978,0.0033504913125269823,0.49553491473197936,0.008843214448269058
430,0.6991026878356934,0.0033208617012865397,0.49566410183906556,0.008847530918524565
431,0.6990732192993164,0.00330861345625612,0.49580745697021483,0.008841499022834662
432,0.6990548968315125,0.0032982138250734166,0.49581735134124755,0.008694409524441787
433,0.6990640521049499,0.003312727252395629,0.4957315266132355,0.008763872353699272
434,0.6990408301353455,0.003287336649317802,0.49578561186790465,0.008830413657884702
435,0.6990304350852966,0.003275142029378465,0.4958907008171082,0.00871937363378872
436,0.6990045428276062,0.0032722443171087257,0.4959441661834717,0.00864509408621663
437,0.6989895462989807,0.003264197005208041,0.49605571031570433,0.008580022651170393
438,0.6989523649215699,0.003270666379483498,0.4961230754852295,0.00847913282353378
439,0.6989275217056274,0.003257184413168141,0.496175616979599,0.008488302582492873
440,0.6988971114158631,0.0032648080415061515,0.49630031585693357,0.008517999228357519
441,0.6988881349563598,0.003233787018115839,0.4962944269180298,0.00854714440235764
442,0.6988572955131531,0.003218825206237788,0.49638224244117735,0.008535277295041183
443,0.6988083958625794,0.0031994057797129632,0.4966422140598297,0.008544191600483395
444,0.6988053679466247,0.0031877502850965896,0.4967718780040741,0.008506688527854776
445,0.6987797737121582,0.00318444457713381,0.4968007504940033,0.008414497794168686
446,0.6987643122673035,0.003171548259456307,0.49689374566078187,0.008428881006251804
447,0.6987227916717529,0.0031674677699061056,0.49701481461524966,0.008333859863103784
448,0.6987230777740479,0.0031667114401013694,0.4969931721687317,0.008359370906409756
449,0.698693037033081,0.003151443331503389,0.49711347818374635,0.008417807522666519
450,0.6986558318138123,0.0031516212081318974,0.4972544491291046,0.008305369888111232
451,0.6986379623413086,0.003141516044860083,0.49729596376419066,0.008179980583760628
452,0.698600172996521,0.003138054830772011,0.49749929308891294,0.008272810999690874
453,0.6985334277153015,0.0031158441095156366,0.49780011773109434,0.00820268758433414
454,0.6984955906867981,0.0030901946869851082,0.49798036813735963,0.008194226103277863
455,0.698460328578949,0.0030575660412403313,0.49812482595443724,0.008178946543992116
456,0.6984381794929504,0.0030500900965651375,0.4981918454170227,0.008180909807856301
457,0.6984190821647644,0.003016789834069688,0.4982446312904358,0.008265091101291033
458,0.6984009385108948,0.003025080368090651,0.4983527839183807,0.008327519016495971
459,0.69834064245224,0.002996481607549305,0.49855756759643555,0.008263147858156529
460,0.698284363746643,0.0029773663905392866,0.4988098621368408,0.008256529493357478
461,0.6982415199279786,0.002959861858177973,0.4989505589008331,0.008091167602745062
462,0.6982146859169006,0.0029810219387798706,0.4990286648273468,0.00806328188377161
463,0.6981560230255127,0.0029847067971230747,0.4992713749408722,0.008078372582809924
464,0.6980965495109558,0.002957098589563287,0.49947187304496765,0.00799020196583944
465,0.6980316877365113,0.002939722852675101,0.49963043332099916,0.008026950309770298
466,0.6979784488677978,0.0029230671090597024,0.49977466464042664,0.007889575624662937
467,0.6979205250740051,0.0028831024166430692,0.5000545084476471,0.007968546212671287
468,0.6978662848472595,0.002866101408284298,0.5001903712749481,0.008003941473934616
469,0.6977765202522278,0.002842713931402034,0.5004138350486755,0.007936828920883748
470,0.6977266550064087,0.0028296908993657786,0.5005212664604187,0.007920883589363449
471,0.6976795434951782,0.0027987199811828926,0.5007092654705048,0.007937791240160466
472,0.6976119399070739,0.0027959323903596713,0.500842547416687,0.007837642495423871
473,0.6974985599517822,0.002773204540176506,0.50119047164917,0.00788345088906237
474,0.6974428653717041,0.002715165287161834,0.5013422787189483,0.007992668404067635
475,0.697385311126709,0.0027123406198525874,0.5014599442481995,0.007885467641706247
476,0.6973111033439636,0.002709742933267015,0.5016840398311615,0.007809929553955162
477,0.6971853733062744,0.0027245332314636364,0.501987200975418,0.007768837933450465
478,0.6970667004585266,0.0027186899972810705,0.5022092044353486,0.007712765749585292
479,0.6970124840736389,0.0026831307109067034,0.5022974729537963,0.0077058560894507685
480,0.6968705177307128,0.002689936458320901,0.5026702880859375,0.007701620152896777
481,0.6967661142349243,0.002680352588658615,0.502962177991867,0.0077407945759580985
482,0.6966701507568359,0.0026434115751125566,0.5031802654266357,0.007741625898523852
483,0.696571147441864,0.002657454811008002,0.503364497423172,0.007809759605831999
484,0.6964915990829468,0.0026155169905890904,0.5036465108394623,0.007841708868074651
485,0.6963488578796386,0.0025934642633932137,0.5039273500442505,0.007885666176884914
486,0.6962045907974244,0.0025665675735423617,0.5042331874370575,0.007877632505815675
487,0.6960549235343934,0.0025076343415176084,0.5046356618404388,0.007899657667424549
488,0.6958907842636108,0.002515906710114614,0.5049257159233094,0.007930780531254665
489,0.6957202672958374,0.0025493801416667495,0.5052210748195648,0.008036441836371925
490,0.6955286860466003,0.0025740307815148088,0.5056254982948303,0.00801720345714393
491,0.6952862977981568,0.002583986715926859,0.5060088098049164,0.008022328535779347
492,0.695120096206665,0.002572852171112247,0.5063388407230377,0.008001034127628655
493,0.6949569821357727,0.0026268700223353483,0.5067513525485993,0.008050851519526102
494,0.6947578549385071,0.002638517985081628,0.5071621716022492,0.008069972364928573
495,0.694560992717743,0.0026589062301456325,0.5075199067592621,0.008016121093323586
496,0.6943628668785096,0.0027316225573500866,0.5079210579395295,0.007976161204633434
497,0.6941988945007325,0.0027142570085646974,0.5082565903663635,0.007962508871217817
498,0.6940188050270081,0.002676395539065609,0.5086035192012787,0.008063537230766193
499,0.6938374519348145,0.0027171360398007263,0.5089808881282807,0.008118802517469537
500,0.5548524379730224,0.059187440841248704,0.7499441504478455,0.02029952276727042
501,0.5549095034599304,0.059137270417372045,0.7497771382331848,0.0203469839595292
502,0.5550846934318543,0.059033668682349195,0.7495474696159363,0.020338164713725876
503,0.5551478385925293,0.05896725623535418,0.7494615197181702,0.020400179320370505
504,0.5552170515060425,0.058923253184879815,0.7493996858596802,0.020435397590456043
505,0.5553322672843933,0.0588836345643362,0.7491884708404541,0.02062082376833737
506,0.5553903460502625,0.05881502459795152,0.7490569114685058,0.020609184303160562
507,0.5554887533187867,0.05876123135683361,0.7489103198051452,0.020518956282886407
508,0.5555059909820557,0.058707256867778675,0.7488817572593689,0.020584473226811218
509,0.55555499792099,0.0586462888190175,0.7487051725387573,0.020617023540347133
510,0.5555296778678894,0.058676834232814244,0.7486850261688233,0.020786582477974148
511,0.5555917620658875,0.058550773330788924,0.7486417293548584,0.02077998842615441
512,0.5556342005729675,0.058549590214849644,0.7485134840011597,0.020765168472151225
513,0.555572259426117,0.058536618518872555,0.7485171437263489,0.020708370473821652
514,0.5556015968322754,0.05839843600603357,0.7484437584877014,0.020642480114773334
515,0.5555132865905762,0.0583471950152357,0.7484322190284729,0.02073322429935706
516,0.5553676605224609,0.05843444042095487,0.7484513878822326,0.020860442199031295
517,0.5552656173706054,0.058385535230633584,0.7484857678413391,0.02079416090205931
518,0.5553001523017883,0.05821741203156121,0.7484818220138549,0.020674100305817303
519,0.5552579879760742,0.05811554408903215,0.7484703183174133,0.020575394482285885
520,0.5552806854248047,0.057962964487858405,0.7484057068824768,0.02056694856879137
521,0.5551932096481323,0.057943060934911,0.7484095811843872,0.020478068453090737
522,0.5551320672035217,0.05790150941113194,0.7483680963516235,0.020500404869669087
523,0.5550269484519958,0.05780936005697437,0.7484097123146057,0.020498477629243426
524,0.5549998641014099,0.057857089863209955,0.7484060287475586,0.020568693019702697
525,0.5550062894821167,0.057691806060989045,0.7483498334884644,0.02055695154548517
526,0.5550425529479981,0.05769693353267834,0.7482116222381592,0.02061216361969658
527,0.5550347805023194,0.05773752602479107,0.7482158780097962,0.020694493612481792
528,0.55495285987854,0.05762431517759069,0.7482648253440857,0.020701782876312816
529,0.5549726724624634,0.057562381726528535,0.7481649398803711,0.02071586948356084
530,0.5550544142723084,0.057494713901450084,0.7480803370475769,0.02075227058538249
531,0.5549408197402954,0.05751606233241149,0.7480922937393188,0.020815335852652658
532,0.5549679636955261,0.05746128195304927,0.7480156302452088,0.020799224086234448
533,0.5548876404762269,0.05735272098143406,0.7480350375175476,0.020753688713047964
534,0.5547732353210449,0.057322148218577375,0.7481351137161255,0.02081051420071423
535,0.5547780632972718,0.05723011344597997,0.7480588793754578,0.020799163052568473
536,0.5546588778495789,0.057271065250998704,0.7480414986610413,0.020865025912513706
537,0.5545117855072021,0.05716320506503033,0.748060667514801,0.020760129368429896
538,0.5543107271194458,0.05709887180905579,0.7481088042259216,0.020742856950198587
539,0.5542357087135314,0.0570181151810904,0.7480696678161621,0.02077404478091472
540,0.5541485786437989,0.056909927780923596,0.7481031060218811,0.020796754786147863
541,0.5541270494461059,0.0569677251455011,0.7481508374214172,0.020744811755157494
542,0.5540667057037354,0.05690021332212167,0.7481190443038941,0.0206817939106343
543,0.5538985729217529,0.05681630671181265,0.7482096791267395,0.020652535403020485
544,0.5537397384643554,0.056693705194603594,0.7482568025588989,0.02056163758767832
545,0.5535196185111999,0.05655318048196684,0.7483538508415222,0.02056594319464256
546,0.5534106016159057,0.0564270753417054,0.7483647465705872,0.02048063195003472
547,0.553176760673523,0.05641747568739403,0.7485109806060791,0.020537867372977088
548,0.5531532764434814,0.056342823554363465,0.7484432816505432,0.02053555511830132
549,0.5530445456504822,0.056189899594604686,0.7484539031982422,0.020469595922378667
550,0.5528375387191773,0.05613335460632959,0.748521089553833,0.020413388127510094
551,0.5527698278427124,0.0560384142124158,0.7485455989837646,0.020383891990437813
552,0.5526832222938538,0.055907849887808884,0.748605239391327,0.02038199180435375
553,0.5524726152420044,0.05589781131532905,0.7487138152122498,0.020415465050734046
554,0.5523969411849976,0.055724781454322775,0.7487096667289734,0.02031008316673716
555,0.552178704738617,0.05561349732864346,0.7487125754356384,0.020256451240075104
556,0.5520921468734741,0.05534151211548086,0.7487363815307617,0.020094803887486405
557,0.5519565343856812,0.05523773292063687,0.7487949371337891,0.02005086461012981
558,0.5517490386962891,0.05511921802849921,0.7488601565361023,0.020100967347200436
559,0.5516833066940308,0.05503228520509346,0.7488904118537902,0.020042280747651835
560,0.5514478206634521,0.05493881270754998,0.7490174293518066,0.020045968565188584
561,0.5511233448982239,0.05478480999699495,0.7491922020912171,0.020006091519196304
562,0.5510380387306213,0.054779892781599844,0.7492697834968567,0.020056289829343384
563,0.5508739829063416,0.054622240689903366,0.749367606639862,0.019985068270747048
564,0.550711989402771,0.054453110866653234,0.7494855880737304,0.01994420882997317
565,0.5505988359451294,0.054265837027383156,0.7495209336280823,0.019909600621316054
566,0.5505162119865418,0.05418204392962496,0.7495083212852478,0.019866169007681532
567,0.5503926515579224,0.053985939337268564,0.749557101726532,0.01984601591681036
568,0.5502270460128784,0.0538048917477797,0.7495852708816528,0.019787591799876172
569,0.5500882506370545,0.05367041312607197,0.7496200799942017,0.01973731403457282
570,0.549867844581604,0.05360130350521065,0.7497495174407959,0.01964646948724609
571,0.549762511253357,0.053447897175627895,0.7497568130493164,0.019576392031145126
572,0.54940425157547,0.05342398171027022,0.7499595522880554,0.019563517629156642
573,0.5493415355682373,0.053397845263881964,0.7499260187149048,0.01961894763071524
574,0.549154007434845,0.053437545013315435,0.75,0.019730014840623936
575,0.5490594506263733,0.05348162497054297,0.7500602602958679,0.019682114073552224
576,0.548853063583374,0.05321941249830123,0.7502205491065979,0.019625698236838764
577,0.5486277341842651,0.05314741265037973,0.7503467559814453,0.019614012136425902
578,0.5484030604362488,0.0530529678025958,0.7504591464996337,0.019609183916413624
579,0.5481335759162903,0.05302593111097605,0.750604248046875,0.019572297156838767
580,0.5481004834175109,0.05287122145336906,0.750649344921112,0.01953995932118984
581,0.5478827476501464,0.0527711601000778,0.7506810307502747,0.019451468312797086
582,0.5477961659431457,0.05279062493671267,0.7506597995758056,0.01951624450858169
583,0.5475976347923279,0.05276254222710369,0.7507571816444397,0.01959942887339106
584,0.5474598944187165,0.052661980633843544,0.7507884263992309,0.019498006123260563
585,0.5473609507083893,0.05274824376401964,0.7508654594421387,0.019546164870457263
586,0.5472084283828735,0.05270914643238977,0.7508309245109558,0.019550052491823455
587,0.5470518171787262,0.05255311560398986,0.7509010195732116,0.019497838773163172
588,0.5469927251338959,0.05255538166084617,0.750931715965271,0.019453659287888555
589,0.5468472540378571,0.052472442201208204,0.7510013103485107,0.0194197509557317
590,0.5466635823249817,0.05234763909188657,0.7510251760482788,0.019436328963352904
591,0.5464777648448944,0.05228178286136863,0.7510813355445862,0.019445487881290018
592,0.54626384973526,0.05226595407585733,0.7512470960617066,0.019378914518441953
593,0.5460424363613129,0.05218635948363825,0.7513670325279236,0.019332508658578308
594,0.5458919703960419,0.05223665875679715,0.7513770937919617,0.01940568225664478
595,0.5457722544670105,0.05214811220860423,0.7513935327529907,0.019326348085931127
596,0.5455651164054871,0.052119214900601764,0.7515060186386109,0.01934267027124109
597,0.5454544067382813,0.05196642092143286,0.7515668988227844,0.019316941697830062
598,0.545252937078476,0.05181021426512566,0.7517104983329773,0.01922171456421671
599,0.5450992584228516,0.05170716375112241,0.7517961621284485,0.01917745281423132
600,0.42087210416793824,0.008410408152469804,0.8081710815429688,0.002391039239532381
601,0.4210712075233459,0.00845404130609308,0.8081025123596192,0.0025502198757992615
602,0.42113763093948364,0.00851968412338412,0.8080263614654541,0.002639547179593898
603,0.4211877346038818,0.008429685019993588,0.8079822659492493,0.002543717968605356
604,0.421363765001297,0.008405746654058906,0.8079778790473938,0.002486266614030117
605,0.4213964819908142,0.00844443902145043,0.8079105019569397,0.0024690245066210327
606,0.4214686930179596,0.008308345583708491,0.8078513145446777,0.0023798016166491176
607,0.4215848445892334,0.008235806748351159,0.8077924132347107,0.0024018587878085803
608,0.42187915444374086,0.008092037059175518,0.8076243281364441,0.002402365879213246
609,0.42190307974815366,0.008071866496116192,0.8077067136764526,0.0024186541278523
610,0.4219426989555359,0.008051511628085796,0.807734215259552,0.002389690664102961
611,0.42202386260032654,0.008167486326688263,0.8076761960983276,0.0024095781139000876
612,0.42221398949623107,0.00832292210772888,0.8075952291488647,0.0025043862510108284
613,0.42247192859649657,0.00834892621115917,0.807537841796875,0.0024630966452633143
614,0.42259268164634706,0.00822683398892684,0.8075346708297729,0.002339731737525539
615,0.42255458831787107,0.008203191320803414,0.807569944858551,0.0023652231871565646
616,0.422723788022995,0.008243292549470087,0.8074593663215637,0.0024174741573353567
617,0.42271852493286133,0.008215448447874621,0.8074028730392456,0.0023944405665790205
618,0.4227063715457916,0.008342825801135064,0.8074076890945434,0.0025094370415336227
619,0.42274492383003237,0.008458120721433534,0.8074353218078614,0.0026286915844651476
620,0.4227816998958588,0.0084961727710086,0.8074096441268921,0.0026129403208934405
621,0.42284558415412904,0.008368968434115385,0.8074674367904663,0.002581160642745143
622,0.4228605031967163,0.008255651129402203,0.8074569225311279,0.002532956250506981
623,0.4230210483074188,0.008106929325226333,0.8074841737747193,0.0024706505966215412
624,0.4230396330356598,0.008032348252193752,0.8074285745620727,0.002529535263330828
625,0.42309269309043884,0.007878807248365517,0.8073582291603089,0.0024372610451197383
626,0.42306341528892516,0.007718622589448578,0.8073930025100708,0.002329134976748162
627,0.42305161952972414,0.00776761432898304,0.807397723197937,0.002389556950426795
628,0.4231391489505768,0.007794151641501988,0.8073279738426209,0.0024116473429294967
629,0.4231141984462738,0.007817778127603675,0.8073477029800415,0.002451903271638959
630,0.42315165400505067,0.00761864390406463,0.8073821544647217,0.002335851617924901
631,0.4231140375137329,0.0076367558700708715,0.8074608087539673,0.0023659327982296324
632,0.4231445014476776,0.007661658913905202,0.8075243353843689,0.0023648503652468574
633,0.423085218667984,0.007702009019887691,0.8076022863388062,0.002428972306104852
634,0.4231062591075897,0.007774927484070389,0.8075550556182861,0.0024738799607053204
635,0.42298192381858823,0.0077428629984861875,0.8076032996177673,0.002361418089128367
636,0.42319493293762206,0.007767106157181423,0.8074905037879944,0.0024163671328893245
637,0.4231100916862488,0.007743327417348368,0.8075532197952271,0.0023755739879821633
638,0.4231566846370697,0.007797966552908558,0.8074992537498474,0.002504450756956744
639,0.423155152797699,0.007664039846680093,0.8075253963470459,0.002457933230919101
640,0.4231438755989075,0.007653535366143006,0.8075586438179017,0.002470001240778431
641,0.4230143308639526,0.0077141426273842845,0.8076350808143615,0.0025063237834576373
642,0.4230214416980743,0.007725833807652732,0.8076534986495971,0.002438451212067129
643,0.4231556534767151,0.007791920116124409,0.8075352430343627,0.002550272838439061
644,0.42329761385917664,0.00777081830496918,0.8074390292167664,0.002579696105297946
645,0.4233171343803406,0.007884914288761894,0.8074720859527588,0.0025774552125406663
646,0.423352324962616,0.00784578875477181,0.8074550151824951,0.002526085088381405
647,0.4232140243053436,0.007808385536921975,0.8075092673301697,0.0025535009379775986
648,0.42328927516937254,0.007797903776492871,0.8074637413024902,0.00254941296020685
649,0.4233356177806854,0.007854796394591414,0.8074397206306457,0.0025953569990426377
650,0.4233867466449738,0.007737545692357723,0.8074228644371033,0.0025792841298982643
651,0.42349895238876345,0.007633230942542849,0.8074131488800049,0.002528705323358574
652,0.42339312434196474,0.0076825001587939555,0.8075021147727967,0.0025125347678166157
653,0.4235170245170593,0.007658252975131773,0.8075344443321228,0.0025100468249135226
654,0.42360337972640993,0.007577391597372718,0.8074684500694275,0.0024268473519903984
655,0.4236313819885254,0.007426935110987615,0.8075216770172119,0.002421958599616406
656,0.42371416091918945,0.007517442416056918,0.8075677275657653,0.002384451160489216
657,0.42371882796287536,0.007550829152167355,0.8075996041297913,0.002301775046839361
658,0.42377708554267884,0.007447871614711777,0.8076383113861084,0.002293382179234205
659,0.4237840175628662,0.007391203644903488,0.8076074957847595,0.002246554204929976
660,0.42375403046607973,0.007481193300814568,0.8076252579689026,0.0022433083261581186
661,0.4237758755683899,0.0073701439193042916,0.80762220621109,0.0021267990039438157
662,0.42378109097480776,0.007373049225509785,0.8076398491859436,0.0021400864212158897
663,0.4238654673099518,0.007358146660355229,0.807623028755188,0.0020550433966537766
664,0.4238884687423706,0.007410450816590331,0.8075720191001892,0.0021130764243377786
665,0.42399494647979735,0.007191798611723608,0.8075348973274231,0.0020233323694857377
666,0.42389310002326963,0.007239040524486245,0.807641351222992,0.0020796050502459476
667,0.4238943994045258,0.007212488468472421,0.8076655864715576,0.002065845539575147
668,0.42389164566993714,0.007279768427888988,0.8076488971710205,0.002100904017746267
669,0.4239152014255524,0.007238780466580275,0.8076594114303589,0.002060201445512542
670,0.42404766082763673,0.00722851059341739,0.807568371295929,0.0020761173502705
671,0.42396154403686526,0.007219382777686015,0.8076398253440857,0.0020248842293889356
672,0.4239898681640625,0.007276187544712305,0.8076233506202698,0.0020993334567369383
673,0.42409075498580934,0.007267062223358621,0.8075867652893066,0.002124858821411825
674,0.42400822043418884,0.007108739977956096,0.8076577067375184,0.0020240748956695228
675,0.42399742603302004,0.0071963460356205215,0.8076212048530579,0.002086488102990449
676,0.4240199029445648,0.0071376105102497565,0.8076182842254639,0.002026645374777834
677,0.4240930140018463,0.007065142524803464,0.8075887084007263,0.002069160292112768
678,0.4240741729736328,0.007131720880073029,0.8075725317001343,0.002074125029637049
679,0.4241605520248413,0.007071468156220796,0.8075962662696838,0.002098399799773448
680,0.4241818845272064,0.007006692318356097,0.8076199173927308,0.002057585917821242
681,0.42431148886680603,0.00684786079827924,0.8075509071350098,0.0020107510907767315
682,0.4243203639984131,0.006876380474995834,0.8076141476631165,0.0020158705121636183
683,0.42431589365005495,0.0068189545209193505,0.8076112747192383,0.00197976521226611
684,0.4242179811000824,0.0067156630882713245,0.807660973072052,0.0019321590871042803
685,0.42421278953552244,0.006683330140060185,0.8076645731925964,0.0019026594803536138
686,0.4241456568241119,0.006635485059466982,0.8076747059822083,0.0019037381096059485
687,0.42420738339424136,0.006535048655116122,0.8076586604118348,0.0018347731865934736
688,0.42426876425743104,0.0064817109363422,0.8076557159423828,0.0018291915264334272
689,0.4241612732410431,0.0064847088948419,0.8077243208885193,0.0018062054507963126
690,0.4240911781787872,0.006548788773204127,0.8078120946884155,0.0018550189343965893
691,0.4241682291030884,0.006772351383297374,0.8077959060668946,0.0019246688071278115
692,0.42437995672225953,0.006581143149294503,0.8077410221099853,0.0018873930935151134
693,0.42433452010154726,0.0064917441494197255,0.8077637434005738,0.0018162218240810452
694,0.42435177564620974,0.006447736689239647,0.8077284455299377,0.0017888865819911304
695,0.4243125140666962,0.006356436718007099,0.8077061295509338,0.0017348291126408244
696,0.4243359982967377,0.006388798695618958,0.807786476612091,0.0017280534829757462
697,0.42433053255081177,0.006416529157984218,0.8078089118003845,0.00180544445993049
698,0.4243497610092163,0.006495725238728386,0.8078057169914246,0.001858411951043841
699,0.4243003368377686,0.006458083771666748,0.8078216671943664,0.0018517329323303302
700,0.40814571976661684,0.002844985465792188,0.812503981590271,0.00038743220704728237
701,0.40806043744087217,0.002853249673503757,0.8125676512718201,0.00035749744232407604
702,0.4080690562725067,0.00287562927795658,0.8126230597496032,0.0003655546051275916
703,0.4080277860164642,0.0028095716138890497,0.8126465082168579,0.0003257971536350616
704,0.40808027386665346,0.0027539422352003138,0.8126066327095032,0.0003176812464854731
705,0.4080402672290802,0.002790467388134029,0.8127087950706482,0.0003538863241076852
706,0.40797132849693296,0.0027516305179264016,0.8127396941184998,0.0003114149342015437
707,0.40794461965560913,0.0028551714750112674,0.8128018260002137,0.0003952947875356308
708,0.4081068575382233,0.00308789987127731,0.8127306818962097,0.0004445883891732911
709,0.4080882668495178,0.003174669298997473,0.8127769112586976,0.0003757274496184365
710,0.4080187141895294,0.0031845669403148856,0.8128384709358215,0.0004009190239286252
711,0.4081238150596619,0.003088027705250392,0.8127755403518677,0.0002682963814760056
712,0.4079814195632935,0.00314798515073634,0.8128987431526185,0.00032202608278391665
713,0.40801886916160585,0.0032025389322562995,0.8129209160804749,0.0002948587931154301
714,0.40804429054260255,0.0031461526530080102,0.8129198789596558,0.0003536696849772191
715,0.40826842188835144,0.003225862660987366,0.8128112554550171,0.00039524195230760436
716,0.40832260251045227,0.0031589735796382296,0.8127951502799988,0.00040510607472288063
717,0.408429878950119,0.0030756767340486034,0.8127485394477845,0.0004055875529404242
718,0.40843759179115297,0.002996033249969656,0.8128623604774475,0.0004585279612789897
719,0.4084696650505066,0.0029893932323898074,0.812937605381012,0.00042881558160674636
720,0.4084432125091553,0.0030255303393761277,0.8129896759986878,0.0004931721114934124
721,0.40864399671554563,0.0030482448716425054,0.8129960656166076,0.0004897882937055566
722,0.4086556494235992,0.0029394181721067014,0.8130326390266418,0.0004623288656647075
723,0.40875911712646484,0.0029425023260470687,0.8130162835121155,0.00047623733963923315
724,0.4087306082248688,0.0029369862225834455,0.8130375981330872,0.00044987992205769607
725,0.4086789846420288,0.002979629432346745,0.8130288004875184,0.00045518230805412354
726,0.40875998735427854,0.002959239210555974,0.8129975914955139,0.0004720645822924079
727,0.4087839126586914,0.003021857781809807,0.8130038738250732,0.0005042351912178386
728,0.40891227722167967,0.0030143840328498736,0.8130026817321777,0.0005112401928790585
729,0.4089112222194672,0.0030824405583185616,0.8129866242408752,0.0005569523892115883
730,0.4089800238609314,0.0030843877340385375,0.813029944896698,0.0004946995513927051
731,0.40906726121902465,0.0030352858257524725,0.8129621505737304,0.0004925871022409642
732,0.4090939283370972,0.0031217864937099883,0.8128504037857056,0.00043875544292016006
733,0.4092378556728363,0.0030792416618673464,0.8127612709999085,0.0003648247922652923
734,0.4092092514038086,0.0031071929452235253,0.8127900123596191,0.0003478878913775307
735,0.40930300354957583,0.003123929325254108,0.8127893328666687,0.000368624662743755
736,0.4093268811702728,0.0031913444641179386,0.8127959609031677,0.0004611875727673932
737,0.40942002534866334,0.003084842319886687,0.8127588152885437,0.00047988583353528766
738,0.4093623161315918,0.0031186629446106054,0.8127655029296875,0.0004895648545439829
739,0.4092815577983856,0.0031951282729273003,0.8128084182739258,0.000543646411602275
740,0.40921297669410706,0.0031867547113387552,0.8128801107406616,0.0005876338487960899
741,0.40922545194625853,0.0031275884474926303,0.8128286480903626,0.0005877267411371513
742,0.4092349648475647,0.003168187309840208,0.8128567218780518,0.0006849284201082848
743,0.4093543767929077,0.003288310466277515,0.8127768158912658,0.0006537630118682302
744,0.4093947231769562,0.0031393039435252622,0.8127976894378662,0.0005679174916571971
745,0.40934871435165404,0.003111640719064865,0.8128113389015198,0.0005925730599968281
746,0.40941370129585264,0.003134048313003555,0.812774920463562,0.0005493201195628435
747,0.4094715118408203,0.0030265556198860698,0.8127885460853577,0.0005172153408249789
748,0.40937401056289674,0.003041931732964208,0.8128873944282532,0.0005215015815685658
749,0.409414941072464,0.0030500788838270267,0.8129432559013366,0.0006648384446931229
750,0.40957401394844056,0.003096229756552495,0.8129068851470947,0.0007323957642756193
751,0.40956520438194277,0.00307915982570095,0.8129412651062011,0.0006528352360059141
752,0.40954766869544984,0.003007429451675821,0.8129684329032898,0.0006836023578194317
753,0.40963526964187624,0.003069471696642407,0.8129603505134583,0.0007411407769613555
754,0.40966602563858034,0.003219321766709696,0.8129803776741028,0.0008805639828092688
755,0.40978820323944093,0.0034483060037133616,0.8130142688751221,0.0009114125309951259
756,0.40979061722755433,0.003208762273202613,0.813089919090271,0.0008251661063960552
757,0.4098068535327911,0.0032276266039757613,0.813116478919983,0.0008385648758373124
758,0.4097983777523041,0.0032675420891824843,0.8131567955017089,0.0008772827948484849
759,0.4097895920276642,0.0032393380234968963,0.8131414771080017,0.000903183834053729
760,0.40977640748023986,0.003193135311721916,0.813140046596527,0.0008212628044920604
761,0.4096990406513214,0.0032973472478703223,0.8131662487983704,0.0008655564434673064
762,0.4096506476402283,0.003391614250967822,0.8131992220878601,0.0008188766318279702
763,0.40976837277412415,0.0033500483920461954,0.8131633281707764,0.000892068309119384
764,0.4098616063594818,0.0032210322841163203,0.8131275773048401,0.0008285276567118474
765,0.4098923861980438,0.0032695371750666117,0.8131193518638611,0.0008193226361719087
766,0.40995568633079527,0.003059819828572444,0.8131179928779602,0.0007217325298753221
767,0.4100105047225952,0.0030209766717898567,0.8130485057830811,0.0007112136880961323
768,0.41001762747764586,0.0030176269452748725,0.8130609154701233,0.0007498288578618108
769,0.4099219501018524,0.0030700100301360735,0.813141119480133,0.0008489287691030298
770,0.40994635224342346,0.003051665480438016,0.8131464958190918,0.000821671277215243
771,0.4098785758018494,0.002952201386970764,0.8132396578788758,0.0008271775016192065
772,0.4098498821258545,0.0029102180650966,0.8132919907569885,0.0007375942727554007
773,0.4098352611064911,0.00294716790897158,0.8133508205413819,0.0007783590631525362
774,0.409858900308609,0.0029406037671625574,0.8133825302124024,0.0007846266155273233
775,0.4098912000656128,0.0029502056676301803,0.813394057750702,0.000773580606609989
776,0.4098767817020416,0.0031356583290935,0.8134255647659302,0.0007865888182195139
777,0.40983996987342836,0.0032301400747574835,0.8135169506072998,0.0008352298920321945
778,0.40986205339431764,0.0032660553545964715,0.8135546922683716,0.0007881935399792334
779,0.409955632686615,0.0032146155515962744,0.813539183139801,0.0008221221935414941
780,0.39264315366744995,0.04312560970550572,0.828125,0.05524271728019903
781,0.4173642873764038,0.03591079737406072,0.8140625,0.04602086398444732
782,0.4113533556461334,0.016751786471412046,0.815624988079071,0.02403745216610435
783,0.41455747485160827,0.04019094733903083,0.815625,0.021288166552247988
784,0.4192545056343079,0.025306002400982262,0.8125,0.018879759827038704
785,0.41030666828155515,0.016426996736801664,0.817187488079071,0.015340276527208763
786,0.41174828410148623,0.012709595222512192,0.8174107074737549,0.014327497146522067
787,0.40824287533760073,0.014487683130148747,0.819140625,0.008799906504741254
788,0.40791504383087157,0.010196457899566469,0.8184027791023254,0.008645758157232997
789,0.413994824886322,0.016860992731822285,0.8165624856948852,0.0080888668918448
790,0.41050063371658324,0.021085477419844168,0.8178977251052857,0.009496868249495846
791,0.4102131724357605,0.02148773587492087,0.817968738079071,0.008558169948730524
792,0.40707849264144896,0.01814559353977627,0.820432698726654,0.008222422416136374
793,0.40413646697998046,0.021827459802922267,0.8220982074737548,0.0088091930068385
794,0.40293253064155576,0.02108677256906002,0.8222916722297668,0.010663733684968273
795,0.4029646933078766,0.020795261703168484,0.8224609375,0.011334016517542324
796,0.40580912232398986,0.015870082335958262,0.8231617569923401,0.012064629515403515
797,0.4028258502483368,0.01715959003042053,0.8246527791023255,0.011116528799370426
798,0.4013843357563019,0.016901985712829998,0.825822365283966,0.01052182301781423
799,0.40090155601501465,0.014741894777216033,0.8253124952316284,0.010734738975377406
800,0.4014472782611847,0.003603031934227604,0.8154325008392334,0.0027058700793769113
801,0.4014441788196564,0.0034645291669016137,0.8154966473579407,0.0026761941422377786
802,0.4012286841869354,0.0033637010128427505,0.8156399011611939,0.0026403277444190655
803,0.40119302868843076,0.00333549733774743,0.8156794309616089,0.0026865300297955036
804,0.40125795602798464,0.003280136363141416,0.8155924201011657,0.0026741952932222597
805,0.40129982829093935,0.0032815213224469926,0.8156003713607788,0.0026550589727811227
806,0.40142804980278013,0.003403192524243634,0.8155768752098084,0.0027637905321000198
807,0.4013337314128876,0.0034083434801792053,0.8156083464622498,0.002786360327495107
808,0.4013440728187561,0.0032905891639528765,0.8156083822250366,0.0027566848083099642
809,0.40138978958129884,0.0032174443707471915,0.8156318426132202,0.0027549854423411547
810,0.40126813650131227,0.003234703819464389,0.8157329559326172,0.0027822392834598113
811,0.4012257635593414,0.003396466871516655,0.8157171726226806,0.0028807622034775467
812,0.4012801110744476,0.003251241281185444,0.8157324194908142,0.0028740807963791655
813,0.40127902030944823,0.0033883149254891306,0.8157784938812256,0.0029686102943358448
814,0.4014042913913727,0.0032416383960894085,0.8157241940498352,0.0029422840108831727
815,0.4013259768486023,0.003225297066589882,0.8157931208610535,0.0029218178081632765
816,0.40128331780433657,0.003096273416455306,0.815785038471222,0.0028666371044787117
817,0.40141514539718626,0.0032222818948225234,0.8157234430313111,0.002758622740208858
818,0.40140101313591003,0.0033480610316147675,0.8157079696655274,0.002758376150082833
819,0.40132545232772826,0.003313765405123945,0.8157610297203064,0.0026932552856840245
820,0.40124022364616396,0.003335295149044214,0.8158214330673218,0.002694169017771597
821,0.4011783480644226,0.0032650930872357114,0.8158891320228576,0.002718816258717832
822,0.4011839985847473,0.0034597320965914194,0.8159413576126099,0.002859077817343625
823,0.4012492895126343,0.0034811516946118256,0.8159783005714416,0.0028659453116725198
824,0.40131679773330686,0.003493833867738308,0.8159699201583862,0.002820843575613152
825,0.4012745380401611,0.0036961847483733246,0.8160140991210938,0.0028994836458473487
826,0.40123857855796813,0.003666204803824786,0.8160954713821411,0.002814837679956677
827,0.40119181871414183,0.003626116579837612,0.8161466121673584,0.002890843866352369
828,0.40112626552581787,0.0035872949407993095,0.8162496328353882,0.0029239462017233275
829,0.40119343996047974,0.003671269335610032,0.8162481427192688,0.0029613720037148746
830,0.4011856555938721,0.003551449630177231,0.8162911295890808,0.002923119927762784
831,0.4011193156242371,0.003599032929816826,0.816356098651886,0.0029736501525149664
832,0.401313054561615,0.0035160236093419797,0.8162437200546264,0.0029363881206319986
833,0.4015358924865723,0.0037601934610370816,0.8161392569541931,0.002980186554618211
834,0.4016426980495453,0.003911280465643431,0.8161380290985107,0.0030653504215060173
835,0.4016672134399414,0.0038203822901906803,0.8161368370056152,0.003024743303629222
836,0.40149790048599243,0.0037484250738374194,0.816281795501709,0.0030081014902843825
837,0.4015832841396332,0.0038039047350319835,0.8162802696228028,0.003028556855693428
838,0.4016403257846832,0.003929094605988957,0.8162932753562927,0.002999550329470366
839,0.4015739381313324,0.0038333397557494928,0.816364300251007,0.002948991951727069
840,0.40158064365386964,0.0038500271990559685,0.8164060115814209,0.003021216842448187
841,0.4015679955482483,0.003989347116922718,0.8164475679397583,0.0030594341038729473
842,0.4015347003936768,0.004035159910760147,0.8164528727531433,0.0031247903963695684
843,0.40157838463783263,0.004021799359880427,0.8164941072463989,0.003121655887628479
844,0.40142245292663575,0.004022088940430521,0.8166212439537048,0.0030914729813399434
845,0.40146252512931824,0.00407487327250766,0.8166404247283936,0.0030867540789262385
846,0.4014419198036194,0.004114491434006875,0.8166381001472474,0.003079937438805897
847,0.40150344371795654,0.004128105881465861,0.8166571617126465,0.003052480935651534
848,0.4014758288860321,0.0042250102093849525,0.8166903734207154,0.003105534876393771
849,0.40143088698387147,0.004271242587028776,0.8166950345039368,0.0030693043478705467
850,0.40143427848815916,0.004377784308341414,0.8167067646980286,0.0030768635993428392
851,0.40146368741989136,0.004302946050231254,0.8167537450790405,0.0030467061374928705
852,0.4014666795730591,0.00423100050596818,0.8167723298072815,0.0029803420897146302
853,0.40142154693603516,0.00436228202977215,0.8167697429656983,0.0029631858099066237
854,0.40136062502861025,0.004482158418839987,0.8168232917785645,0.0029817287214683897
855,0.40118855237960815,0.004548326249381875,0.81692556142807,0.003057911670680013
856,0.4012070298194885,0.004487691049256373,0.8169715166091919,0.003013548021658217
857,0.40121428966522216,0.004445563188120496,0.8169336795806885,0.0029748950661835304
858,0.4012512445449829,0.0046192322114708695,0.8170141816139221,0.0030042760945235324
859,0.4011496722698212,0.004615045644147287,0.8171151280403137,0.0030012296625905473
860,0.40118599534034727,0.004710131477923591,0.8171118140220642,0.0030049231771876925
861,0.40117104053497316,0.004736910126401317,0.8171085238456726,0.0030532862084080227
862,0.40107602477073667,0.004607811213084191,0.8171397089958191,0.0029794498655241384
863,0.40113032460212705,0.00473555763632139,0.8171363592147827,0.00301719085777153
864,0.4009541869163513,0.004703757961183978,0.8172427892684937,0.0030331462965098315
865,0.4008862376213074,0.004703400566410649,0.817273485660553,0.00304273496575526
866,0.4008707880973816,0.004740947367999389,0.8172425627708435,0.003031071903788273
867,0.40085127353668215,0.0047113467489667445,0.8172730922698974,0.0030302967516837418
868,0.4007842898368835,0.0047895850573901645,0.8173511147499084,0.0030640222749599186
869,0.40082551836967467,0.00493593564286629,0.8173677086830139,0.003079006164231062
870,0.4008073449134827,0.004977680168736548,0.8174045443534851,0.003006713542824147
871,0.4007871627807617,0.004899281157664456,0.8174885153770447,0.0029804598574141913
872,0.4008272886276245,0.004865051622962549,0.8174844980239868,0.0029458477928734498
873,0.40073505640029905,0.0049204303771576184,0.8175006747245789,0.0029871860372955475
874,0.4005566954612732,0.00495808837589161,0.817543625831604,0.0029740543130101094
875,0.40063618421554564,0.004861953973374565,0.8175194144248963,0.0029649517827931016
876,0.4006772041320801,0.005023929733700751,0.8175420880317688,0.0030691016208514387
877,0.4007291436195374,0.004971960208663662,0.8175646901130676,0.0030231794122141274
878,0.4006827771663666,0.00488176988729723,0.8176537156105042,0.002911722480484272
879,0.40074983835220335,0.004691539036792238,0.8177025198936463,0.0029007664662499422
880,0.4007817327976227,0.004558955506371731,0.817744505405426,0.0028336970912462016
881,0.40075904726982114,0.004518391792774123,0.8177333950996399,0.002824891551923493
882,0.40065100193023684,0.0044368714750065855,0.8177685379981995,0.002835004589454917
883,0.4006910026073456,0.004516387017633285,0.8177969455718994,0.002867650029329122
884,0.40058642625808716,0.004504278907182444,0.8179040670394897,0.0028542318386361462
885,0.40060325264930724,0.004452108903078675,0.8178927302360535,0.0028531182945020963
886,0.4006733298301697,0.004294413163999741,0.8178487181663513,0.0028137717936716385
887,0.40063693523406985,0.004356818481256983,0.8178832650184631,0.00275498676955399
888,0.40071529150009155,0.004320966393995974,0.8178459763526916,0.0027869028633432237
889,0.40070366859436035,0.0043605061410467915,0.8178738474845886,0.002800318119374144
890,0.40074548721313474,0.0043104161789437765,0.8178691864013672,0.002811162428669485
891,0.4007446587085724,0.004434455653722291,0.8178904533386231,0.002825075902669411
892,0.40089269876480105,0.00460149681333873,0.8178728342056274,0.002863723648516068
893,0.40082805752754214,0.004647872119338372,0.8179262399673461,0.0028664490737522765
894,0.4009243905544281,0.004763950724353248,0.8178957581520081,0.0029613599707895397
895,0.4007828593254089,0.004787166221350685,0.8180387854576111,0.002960296196795258
896,0.40073283910751345,0.004840930718740909,0.8180530548095704,0.0029989277884714784
897,0.40072442293167115,0.004768478636201148,0.8180289030075073,0.00299657075131036
898,0.4006720304489136,0.004954788739794782,0.8180814504623413,0.0031141472507029123
899,0.4006686985492706,0.004870396511360251,0.8181146621704102,0.0030386372835298323
900,0.3980168104171753,0.0029470621670046014,0.8200766086578369,0.0011378228977416622
901,0.3980085015296936,0.0028800155766004034,0.8201687335968018,0.0010683716856677674
902,0.3979577660560608,0.002977642782661704,0.8201810240745544,0.0011128764162790037
903,0.39810905456542967,0.0028626735016214215,0.820169460773468,0.0010974126645645894
904,0.3981903731822968,0.0026960982303658996,0.8201974630355835,0.001057381581046307
905,0.3981717169284821,0.002693232726198766,0.8202489852905274,0.0010869067422382373
906,0.39822402596473694,0.002912416950832109,0.8202609181404114,0.0011567480042486609
907,0.39830437302589417,0.002725807738979405,0.8202257633209229,0.001066498290883634
908,0.3983489751815796,0.002812316523877833,0.8201908111572266,0.0010633913820870529
909,0.39838655591011046,0.0027646919692330043,0.8202106118202209,0.0010305501589471127
910,0.398355633020401,0.0029002867216646596,0.8203081369400025,0.0011433466382889217
911,0.39830939173698426,0.0030168975877345565,0.8203663468360901,0.0011727483210384753
912,0.3982608914375305,0.0029927631865380652,0.8204242706298828,0.001089915560899103
913,0.39826651811599734,0.002957508896209088,0.8203969717025756,0.0010746743861828171
914,0.3983099102973938,0.0029662485586862274,0.820377504825592,0.0010517646472120435
915,0.3983463704586029,0.00307577132839734,0.8203888654708862,0.0010795073464254334
916,0.3982174515724182,0.003062678446759338,0.8204921841621399,0.0010402824459211629
917,0.39811685085296633,0.0030630357266597827,0.8205873370170593,0.0010356077287719122
918,0.39806467294692993,0.002956176064200336,0.820575213432312,0.000991167946845258
919,0.3979769110679626,0.002951946322696157,0.8206316709518433,0.0009964257409856105
920,0.398112428188324,0.0029091180891102687,0.8206270813941956,0.0009510989623735453
921,0.39819328784942626,0.0030454160113528085,0.8206376910209656,0.000961564751082767
922,0.39815770387649535,0.0030576763240098884,0.8206180095672607,0.0009618253258923227
923,0.39818923473358153,0.003094959429875632,0.8206285834312439,0.0010060366812229865
924,0.39818004369735716,0.0031738192572323687,0.8206691861152648,0.0009993949532256052
925,0.39823147654533386,0.0030629287889526627,0.8206570744514465,0.0009660375659666634
926,0.39825005531311036,0.0030154974423701494,0.8207273125648499,0.0010299418839111241
927,0.39828766584396363,0.0030020971722670344,0.820752477645874,0.0009944057954245345
928,0.398213142156601,0.003173954860094601,0.8207998156547547,0.0010832214802605877
929,0.3982183575630188,0.0031696682861556383,0.8207726597785949,0.0010419218929241213
930,0.3982194662094116,0.003152143819620625,0.8207900881767273,0.0010713146020512288
931,0.3982156693935394,0.0031777879036517685,0.8208000540733338,0.001022895998480449
932,0.39816994667053224,0.0032727728040734556,0.8208394765853881,0.0011758535159186437
933,0.39810457825660706,0.003287345517684565,0.8209155082702637,0.0011611239124341014
934,0.39793752431869506,0.003230413586277347,0.8210425853729248,0.0011160234124970513
935,0.39782760143280027,0.00319775310239742,0.8211397647857666,0.0011379009059754657
936,0.39797585010528563,0.0033448799572985215,0.8210830211639404,0.0011824723997447676
937,0.39809816479682925,0.0034106104252862794,0.8210848689079284,0.0012609574466720546
938,0.39791274070739746,0.003401082199466666,0.8212321758270263,0.0012875307701848996
939,0.39802719950675963,0.003312033911719448,0.8212046504020691,0.001275787249637674
940,0.39776318073272704,0.0033985764027360935,0.8213437676429749,0.0013412214793744822
941,0.39778480529785154,0.0034408924674061802,0.8213160872459412,0.0013751939915557431
942,0.39767115712165835,0.003562383993236661,0.8213966488838196,0.0014459552631197127
943,0.3976109862327576,0.003513003116368535,0.8214840412139892,0.0014522401870105102
944,0.39756699800491335,0.003400292256210345,0.8215064644813538,0.0014190809805576514
945,0.397572261095047,0.00348463625892094,0.8215430855751038,0.001522152368950671
946,0.3974945843219757,0.0034461266296388873,0.8216081023216247,0.0015031045457023207
947,0.3975432217121124,0.0034479362185038318,0.8215588450431823,0.0014949706059093515
948,0.39752696752548217,0.0034045815456564565,0.8215737819671631,0.0014738708809206597
949,0.3974968373775482,0.0033822719978037073,0.8216595888137818,0.0014896546827164634
950,0.39740633964538574,0.003263725538685409,0.8217166662216187,0.0014169854499549333
951,0.39737450480461123,0.003280958192359997,0.8217382192611694,0.0014491191994577442
952,0.39742494821548463,0.00338179628451438,0.8216821789741516,0.0014550506890516225
953,0.3973633170127869,0.0032484260794049436,0.8216896176338195,0.0014063473121093328
954,0.39735195636749265,0.003233095529527578,0.8217461347579956,0.0013682181115505588
955,0.3972675144672394,0.003181692496883789,0.8218653798103333,0.0013882853958396399
956,0.39721826910972596,0.003253517730913987,0.8219003081321716,0.001452811151574198
957,0.39716853499412536,0.0032438654688780075,0.821949017047882,0.0013990807111960491
958,0.3969767987728119,0.0031697026106249165,0.8221017599105835,0.0013593897233918305
959,0.3969245433807373,0.0031069803781828996,0.822122049331665,0.0013529518367110807
960,0.39701528549194337,0.0030534369880738307,0.8221145987510681,0.0014076064554295717
961,0.396965891122818,0.0031699657581735242,0.822196900844574,0.0014590128357356222
962,0.39706272482872007,0.003356397049829172,0.8221548676490784,0.0015123251059534612
963,0.39728363752365115,0.0034438594783909302,0.8220580220222473,0.0015021739441546998
964,0.397413170337677,0.0033805192899174037,0.8220027327537537,0.001444311516828152
965,0.3973920404911041,0.0034056756983902054,0.8220640540122985,0.0014114668007163907
966,0.39740151166915894,0.0033812702909035187,0.8220909595489502,0.0013675950676819571
967,0.3974515974521637,0.0034485442308428227,0.8220632314682007,0.0013742884947534953
968,0.3973763048648834,0.0035550726839219727,0.8220832109451294,0.0013814384535285095
969,0.3973267674446106,0.003567536957833048,0.8221505999565124,0.0014065934200733592
970,0.39734491109848025,0.003651391837717477,0.8221635460853577,0.0013805179060441461
971,0.397290962934494,0.0036773170599533685,0.8222034573554993,0.0013926263199548427
972,0.39730600714683534,0.003616335632964775,0.8222094893455505,0.00139620220943991
973,0.3971254527568817,0.0035822716029673004,0.8222962021827698,0.0014230681645122747
974,0.39710851907730105,0.0034911413221530743,0.822322154045105,0.0014056713857893866
975,0.39721890687942507,0.0036851282733520617,0.8222743034362793,0.0015367712929820292
976,0.3972800850868225,0.0036579821367453795,0.8223001837730408,0.0015450611990723117
977,0.39721757769584654,0.0036000152841636334,0.8222992777824402,0.0014852491048197537
978,0.3972240507602692,0.0036778624114417935,0.8223116755485534,0.001484886855255997
979,0.3973231852054596,0.0036736873514306833,0.8223505854606629,0.0015364780427470832
980,0.39744789600372316,0.0036148530859408316,0.8222634553909302,0.0015619387858194602
981,0.39749872088432314,0.003498618251224455,0.8221568465232849,0.0015067847037466293
982,0.39740720987319944,0.0034073208877582494,0.8221826434135437,0.0014374317104097133
983,0.397334885597229,0.003329643829315985,0.822241234779358,0.0013723652375987007
984,0.3973568618297577,0.0034398386430609658,0.8222404718399048,0.0014748370000697633
985,0.3972543001174927,0.003367154560112161,0.8222724795341492,0.001414520697612873
986,0.3971309721469879,0.0033300841173972344,0.8223567128181457,0.001462894518207923
987,0.39710562229156493,0.0031578337265772104,0.8224014163017273,0.0014028794656150017
988,0.39711780548095704,0.00304245605875434,0.8224068284034729,0.0013870553304630748
989,0.39696545600891114,0.0030207769150801234,0.8225162625312805,0.0013399258566829917
990,0.39685842394828796,0.0031106165409086933,0.8225862979888916,0.0012931528760212248
991,0.39676559567451475,0.0031953883462638847,0.8226171970367432,0.0012949954719718246
992,0.3967402815818787,0.0031885305257832626,0.8226156592369079,0.0013184418248400438
993,0.39671543836593626,0.003262579220794054,0.82262704372406,0.001330638299526806
994,0.3966391682624817,0.0033294791642517773,0.8226769685745239,0.0013096057496899153
995,0.3967189073562622,0.003297861029325558,0.8226817369461059,0.0013337052274139621
996,0.3967601180076599,0.0033643793868455463,0.8227057099342346,0.0014315794107582103
997,0.3967846930027008,0.003388197197948397,0.8227040290832519,0.001508146298224936
998,0.3967360258102417,0.0033524601154709547,0.8227342247962952,0.0014432017444813779
999,0.396870893239975,0.00331941534160824,0.8226879000663757,0.0013846333865840123
1000,0.39406012892723086,0.0014207775719983164,0.8217602968215942,0.0019291031711455018
1001,0.3939795851707458,0.0014569454495715118,0.8218163251876831,0.0019584419952289388
1002,0.39397708773612977,0.0014300640721897921,0.8218402743339539,0.0019368258677567034
1003,0.39388644099235537,0.0013023816027768458,0.8218403458595276,0.0019017007363069116
1004,0.39406355619430544,0.0014678846943806053,0.8217930555343628,0.0019231869833172116
1005,0.39396029710769653,0.001533233705881567,0.8218484163284302,0.001988047536583912
1006,0.39390926957130434,0.001535915466213826,0.8218170404434204,0.002029854496260767
1007,0.3940042912960052,0.0017754318431650587,0.8218250155448914,0.002044764982495907
1008,0.39381785988807677,0.0017838268143235572,0.8219268083572387,0.001967161996832305
1009,0.3937810242176056,0.0017398714347019325,0.8219422698020935,0.0019234980611966142
1010,0.3937180995941162,0.0018122299701814851,0.8219887971878052,0.0019515594462213624
1011,0.39374451637268065,0.0019589789139025106,0.8219807505607605,0.0019020680832624935
1012,0.3937915086746216,0.0020077512860841953,0.8219495296478272,0.001944778962006655
1013,0.39371404647827146,0.0020654307038627815,0.8220420360565186,0.0019198768538634596
1014,0.3936458230018616,0.002264181315030188,0.8221340537071228,0.001938244275257445
1015,0.3935441911220551,0.002134598067740721,0.8222563743591309,0.0019040390071734304
1016,0.3935744404792786,0.002063558908414327,0.8222094535827636,0.0018952542780838399
1017,0.39352443218231203,0.0020956484043130113,0.8221933364868164,0.0020123271828993714
1018,0.39338952898979185,0.001986951733018376,0.8222917199134827,0.002026944744746882
1019,0.3932688057422638,0.0020808872264164095,0.8223439812660217,0.0021381025247014965
1020,0.3933299958705902,0.0021780511670415267,0.822304880619049,0.002200579547303066
1021,0.3933017373085022,0.0021911441245243044,0.8223189949989319,0.0022121411326325416
1022,0.3932975947856903,0.002148833799875514,0.8222952604293823,0.0021858461608577815
1023,0.3931972861289978,0.002142769018167249,0.8223696231842041,0.002174073774076829
1024,0.3932266116142273,0.002226780589822194,0.8223909735679626,0.0021734050224564935
1025,0.39311459064483645,0.0022840982052368076,0.8225022435188294,0.002102301084190283
1026,0.39291903376579285,0.002225089873196151,0.8226429224014282,0.002084724214390409
1027,0.39276087284088135,0.00223852161673903,0.82270827293396,0.0020819920263035687
1028,0.3926714897155762,0.002158458677902083,0.8227658629417419,0.002019748147314716
1029,0.39261725544929504,0.001994738340229689,0.8228454709053039,0.001878223776357726
1030,0.39267306923866274,0.0019786913160054777,0.8228579878807067,0.001898181182274552
1031,0.3925649166107178,0.0020190671553430733,0.8229296088218689,0.0019625574772484046
1032,0.39251898527145385,0.0019585097797679765,0.8229271173477173,0.001921395951732762
1033,0.3925070405006409,0.0018811305911972797,0.822961437702179,0.0019316491208640305
1034,0.3923407256603241,0.001988576767613881,0.8230910301208496,0.0019068416358418727
1035,0.3922747433185577,0.00197471876775245,0.823102843761444,0.001936245984462465
1036,0.39216101765632627,0.0019622717677816163,0.8231219053268433,0.001888996265912612
1037,0.39206205010414125,0.0018693508403906408,0.8231627345085144,0.0019116562289405617
1038,0.3922081470489502,0.002079290368898169,0.8231306314468384,0.0019666940343044765
1039,0.39213709235191346,0.002072728188342749,0.8231712579727173,0.0019458223768347655
1040,0.3920989453792572,0.002002399508015529,0.823182737827301,0.001877654720385777
1041,0.39211274981498717,0.002018060616401238,0.8232519626617432,0.0018274321431842068
1042,0.39197511076927183,0.0021143230023531827,0.8233568787574768,0.0019249125460067884
1043,0.39197532534599305,0.0020119753764743045,0.8233894228935241,0.001958505943292495
1044,0.3920085966587067,0.0019986538785969157,0.8233572483062744,0.001886626899893577
1045,0.39194594621658324,0.0017776196008195786,0.8234826683998108,0.0019452510570218784
1046,0.39200822114944456,0.0017292174426834653,0.8235289931297303,0.0018939315158392578
1047,0.39195916056632996,0.0016415640326112736,0.8235608458518981,0.0019084103981781713
1048,0.39187911748886106,0.001571303999605122,0.8236067652702331,0.0019353259965593094
1049,0.39198551177978513,0.0016565511598279632,0.8235602974891663,0.0018093193490265965
1050,0.391932612657547,0.0016669178631773353,0.8236130714416504,0.0017513664204552098
1051,0.3918960988521576,0.001559015744440351,0.8236373901367188,0.0017510442412061442
1052,0.39206171631813047,0.0014413148864013702,0.823499572277069,0.0017357686486783796
1053,0.3920893371105194,0.0014172043098543033,0.8234818696975708,0.0016933951567443004
1054,0.3920970022678375,0.0014533880648102647,0.8234572172164917,0.0017046149216655493
1055,0.3919952571392059,0.0014423287049036735,0.8234816551208496,0.0016196289642004702
1056,0.39207621812820437,0.001435977174962842,0.8234222292900085,0.0016101507357637844
1057,0.39201478362083436,0.0014513868390557583,0.8234675407409668,0.0016240386347796893
1058,0.39202600717544556,0.001546780027102794,0.8234779000282287,0.001682029203273056
1059,0.39197138547897337,0.001562512586861434,0.8235367655754089,0.0016393136891088738
1060,0.3920115649700165,0.0017264871143449765,0.8235676884651184,0.0015848054345456225
1061,0.3919391751289368,0.0017639771028930505,0.8236329674720764,0.0015618407624431402
1062,0.3918380498886108,0.0018579249155444434,0.8237393140792847,0.001668606895320316
1063,0.39189422130584717,0.00205034873319792,0.8237146019935608,0.0017611315735459713
1064,0.3918549120426178,0.0020195379892164814,0.8237585663795471,0.0017164646482724334
1065,0.3917678952217102,0.0020459357960361294,0.8238160371780395,0.001682855189014816
1066,0.39167067408561707,0.002065156737595067,0.8238869190216065,0.0017185882281031456
1067,0.39172316789627076,0.0021019685421723717,0.8238825321197509,0.001736973865977028
1068,0.3916336238384247,0.002050649144965814,0.8239529609680176,0.0016875751238021154
1069,0.39160537123680117,0.001909225674540036,0.8239755868911743,0.0016563086631865363
1070,0.3916733205318451,0.0019643562836190475,0.8239980936050415,0.0016530880700933175
1071,0.3917317450046539,0.002043006895636247,0.8239529848098754,0.0016851299109301749
1072,0.39184210896492006,0.0020182045400437857,0.8239417672157288,0.001580580907647998
1073,0.39181190729141235,0.0019492364100686384,0.8239843964576721,0.00161243849203034
1074,0.39181178212165835,0.0018769182555934624,0.8239798784255982,0.0015524478222475628
1075,0.39181057214736936,0.0019763416388018937,0.8239954471588135,0.0015701280307404367
1076,0.3917590916156769,0.001955402907824115,0.8239775538444519,0.0015097089257616056
1077,0.39177495837211607,0.0019030886605813221,0.8239464044570923,0.0015164923442416462
1078,0.39169393181800843,0.0017836847455730328,0.8239752292633057,0.0015551602074126228
1079,0.3916463017463684,0.0017190150713442586,0.8240106225013732,0.001643752922012404
1080,0.39164175987243655,0.0016933709252383313,0.8240458488464355,0.0017463362826291343
1081,0.39150203466415406,0.0016487118486439275,0.8241139888763428,0.0017900389285076725
1082,0.3915539801120758,0.0016111154469766983,0.8240960717201233,0.0017102659324554675
1083,0.39162721633911135,0.0017577196302907654,0.8240716338157654,0.0018083918151132199
1084,0.39159382581710817,0.001751398933842532,0.8240867257118225,0.001780706820037298
1085,0.3914605796337128,0.0017106802734247598,0.82419353723526,0.0017130884568278715
1086,0.391446989774704,0.0017641964227062888,0.8241756200790405,0.001724337611183805
1087,0.39134387373924256,0.0018385710346412272,0.8242491364479065,0.001662467567789429
1088,0.39133610129356383,0.0017535128076181837,0.8242702722549439,0.001596856413883449
1089,0.391319614648819,0.0018677176765905283,0.8242782831192017,0.001561886683340536
1090,0.3912280261516571,0.001846682183042364,0.8243252038955688,0.0015870203131102072
1091,0.39118978977203367,0.0017753093781728137,0.824417245388031,0.0015179419823118257
1092,0.391132253408432,0.001903087822754745,0.8244184613227844,0.0014823988290019092
1093,0.3910026788711548,0.0018083007101223655,0.8244454622268677,0.0014766180282732065
1094,0.3909790337085724,0.0018062282726921404,0.8244401693344117,0.0014278225607715573
1095,0.39101903438568114,0.0018526750025853306,0.8243963599205018,0.0014363058102225261
1096,0.3910363793373108,0.0018344801630210546,0.8243911862373352,0.0014466579378204804
1097,0.39099477529525756,0.0018171713472394076,0.8244372010231018,0.0014094269609811636
1098,0.39096338748931886,0.0018941658943056176,0.82451491355896,0.0014376460636150409
1099,0.3911196827888489,0.0019492342926864174,0.8244585871696473,0.0014505399586988148
1100,0.39379520416259767,0.0038642939016102764,0.8217443346977233,0.0026813862185631697
1101,0.393881744146347,0.0037827120916658053,0.8216491580009461,0.0026664506120084833
1102,0.39390825033187865,0.0038703222591969775,0.8217132449150085,0.0026921927942450776
1103,0.3938490033149719,0.0036676750526942413,0.8218007564544678,0.0026526429693258034
1104,0.3938338279724121,0.003729370128653032,0.8218404412269592,0.002668877200420743
1105,0.39381632804870603,0.003935075484190916,0.8218484044075012,0.002677743985306659
1106,0.39367197155952455,0.0038692593640128614,0.8219034790992736,0.0024783421070187356
1107,0.3936865568161011,0.0038894794131399905,0.8218955755233764,0.0023857900625999435
1108,0.39391049146652224,0.003847634911169953,0.8219189882278443,0.0022873334910211416
1109,0.3938673138618469,0.003808235532625439,0.8219578742980957,0.002289320897633049
1110,0.39377076029777525,0.003900239095496649,0.8220354795455933,0.0022614039058050785
1111,0.3936757504940033,0.003992250322709722,0.8221282124519348,0.002272776888907825
1112,0.3936931788921356,0.0040066873561077935,0.8221585750579834,0.002282826109293245
1113,0.39357995986938477,0.0038291614031820444,0.8222505331039429,0.0022602625575263717
1114,0.3935607850551605,0.0038512258769643516,0.8222958445549011,0.0023089102923844525
1115,0.3935536503791809,0.0038718630245284857,0.8223101735115051,0.002358812418919009
1116,0.3934965550899506,0.0037535524375949944,0.8222937822341919,0.0023355795517190103
1117,0.39350707530975343,0.003717971892255396,0.8223386526107788,0.0022927420301817104
1118,0.39339873790740965,0.0036267823489961716,0.8224443078041077,0.002318278894570396
1119,0.3933557868003845,0.0036007266617310934,0.8224581360816956,0.0023426339158674615
1120,0.3932089626789093,0.0036611776248222775,0.8225705981254577,0.002340177757470032
1121,0.39309569597244265,0.0037025941382640816,0.8226749420166015,0.0023876492695623875
1122,0.39300790429115295,0.0038671174813953396,0.8228090047836304,0.0024923031138150984
1123,0.3928812503814697,0.0037983912769709513,0.8228745818138122,0.0023737531580861103
1124,0.3929373562335968,0.003844831537673225,0.8228045225143432,0.0023762417715290293
1125,0.39285396933555605,0.0038091101692415644,0.8229447841644287,0.0023786010490958387
1126,0.3928210258483887,0.00393965414656542,0.8230245471000671,0.0023907449030856035
1127,0.39286098480224607,0.003959765045677228,0.8230740427970886,0.0023700861527256264
1128,0.39282517433166503,0.003998450190053706,0.8231307625770569,0.0024321706050907826
1129,0.39292109608650205,0.003956288926473862,0.8231054902076721,0.002418417540090617
1130,0.3928631007671356,0.003965285863723522,0.8231396436691284,0.0023890397106102403
1131,0.3927339851856232,0.003991338495635199,0.8232105851173401,0.002427532911201481
1132,0.3927969992160797,0.0040029042571213995,0.823207437992096,0.0024116557526016893
1133,0.39271849393844604,0.0040466404699642,0.8232778906822205,0.002405444755918447
1134,0.39272525906562805,0.004009729868266084,0.8232158660888672,0.002434239263779591
1135,0.39256529211997987,0.0039452838051353785,0.8232859611511231,0.0023724166875296877
1136,0.3926106750965118,0.003982003954893883,0.8233119010925293,0.002368102161564099
1137,0.39257400035858153,0.003954296978597845,0.8233814597129822,0.0023441225606127152
1138,0.39253268837928773,0.004017803871764255,0.823385214805603,0.0023495753295094857
1139,0.39245668053627014,0.004031786716370334,0.8234397768974304,0.0023747691547561954
1140,0.392380028963089,0.0041702169193070585,0.8234868288040161,0.0023481442097948828
1141,0.392335307598114,0.004188136963188172,0.8235769987106323,0.002349160910738266
1142,0.39234753251075744,0.004206630862435851,0.8235730767250061,0.0023615484766743872
1143,0.39240500926971433,0.004243144914072397,0.8235835552215576,0.002367879931881931
1144,0.3923628568649292,0.004336247690927562,0.8236011385917663,0.002416251661616046
1145,0.3923770904541016,0.004193874454980636,0.8236115097999572,0.0023744313946732197
1146,0.39234241247177126,0.0041332087278204,0.8236218333244324,0.002404802697847633
1147,0.3922508418560028,0.004079538205707898,0.8236605763435364,0.002366879163005524
1148,0.3922977983951569,0.0041534640110870965,0.8236636281013489,0.0024611885900286267
1149,0.3923759460449219,0.004074438829789719,0.8236808538436889,0.002505010296867907
1150,0.3924669444561005,0.0038600818927259787,0.8236838340759277,0.002512608483286732
1151,0.39235733151435853,0.0038517268951640984,0.8237362265586853,0.002632484348598338
1152,0.39223348498344424,0.0037449823209072964,0.8237813472747803,0.0026186462037324242
1153,0.39211652278900144,0.0037137702075498887,0.8238684296607971,0.0025731812318662947
1154,0.39216154217720034,0.003777003054015411,0.8238639593124389,0.002614804790241572
1155,0.3921255826950073,0.0038729697844986344,0.8238664984703064,0.002623446794019095
1156,0.392118364572525,0.003945381166691589,0.823910915851593,0.0026495099515814967
1157,0.39210787415504456,0.0038580369335267832,0.8239481687545777,0.0026338245318990317
1158,0.3920079171657562,0.00395489605948949,0.824013066291809,0.0026268091612558723
1159,0.3919698655605316,0.004005138626445312,0.8240360617637634,0.002659901562156382
1160,0.39190666675567626,0.0038680010442601357,0.8240520358085632,0.0026052108188868704
1161,0.39178148508071897,0.0037730920264788335,0.8241300821304322,0.0025667112717931797
1162,0.3918180763721466,0.0036887098753494744,0.8241595387458801,0.002577151336876927
1163,0.3917760968208313,0.0035452795462061377,0.8242439031600952,0.002553779091232877
1164,0.3917693138122559,0.003603778871821973,0.8242181181907654,0.0025627752699264425
1165,0.3917835533618927,0.003597755041184126,0.8242608904838562,0.0025287392501615624
1166,0.3916803300380707,0.003615144729203916,0.824358093738556,0.0025757021148645498
1167,0.39161271452903745,0.003613560182320638,0.8244685173034668,0.002602828661109494
1168,0.3915840327739716,0.00361084547646307,0.8244628787040711,0.0025781036664473773
1169,0.39145699739456175,0.003447006279016084,0.8245590209960938,0.0025125993642544334
